city,ym,cart,favorite,impression,order_behavior,payment,review,share,click,gmv,order_count,item_count,ctr,cvr,payment_rate,favorite_rate,review_rate,share_rate,arpu
上海,2025-01,7,13,15,15,10,4,9,0,45745.47,17,42,0.4666666666666667,2.142857142857143,0.6666666666666666,0.8666666666666667,0.4,0.6,2690.91
上海,2025-02,15,11,17,13,12,9,16,0,38819.63,15,37,0.8823529411764706,0.8666666666666667,0.9230769230769231,0.6470588235294118,0.75,0.9411764705882353,2587.9753333333333
上海,2025-03,20,18,21,11,16,7,10,0,35075.85,12,31,0.9523809523809523,0.55,1.4545454545454546,0.8571428571428571,0.4375,0.47619047619047616,2922.9874999999997
上海,2025-04,21,16,22,10,9,12,3,0,42888.01,20,51,0.9545454545454546,0.47619047619047616,0.9,0.7272727272727273,1.3333333333333333,0.13636363636363635,2144.4005
上海,2025-05,13,13,24,8,8,9,7,0,48528.7,20,52,0.5416666666666666,0.6153846153846154,1.0,0.5416666666666666,1.125,0.2916666666666667,2426.435
上海,2025-06,14,18,18,13,9,8,9,0,57484.94,20,51,0.7777777777777778,0.9285714285714286,0.6923076923076923,1.0,0.8888888888888888,0.5,2874.2470000000003
上海,2025-07,24,13,30,14,12,6,7,0,23228.54,11,27,0.8,0.5833333333333334,0.8571428571428571,0.43333333333333335,0.5,0.23333333333333334,2111.685454545455
上海,2025-08,15,13,19,12,11,15,10,0,37651.3,15,41,0.7894736842105263,0.8,0.9166666666666666,0.6842105263157895,1.3636363636363635,0.5263157894736842,2510.086666666667
上海,2025-09,17,13,32,13,13,8,7,0,31796.36,17,41,0.53125,0.7647058823529411,1.0,0.40625,0.6153846153846154,0.21875,1870.374117647059
上海,2025-10,14,11,22,14,12,8,11,0,49436.130000000005,15,37,0.6363636363636364,1.0,0.8571428571428571,0.5,0.6666666666666666,0.5,3295.742
上海,2025-11,17,11,14,6,10,12,15,0,43027.07,21,54,1.2142857142857142,0.35294117647058826,1.6666666666666667,0.7857142857142857,1.2,1.0714285714285714,2048.908095238095
上海,2025-12,9,14,11,8,15,4,6,0,39307.15,14,35,0.8181818181818182,0.8888888888888888,1.875,1.2727272727272727,0.26666666666666666,0.5454545454545454,2807.6535714285715
上海,2026-01,12,16,13,13,10,11,12,0,42101.75,20,50,0.9230769230769231,1.0833333333333333,0.7692307692307693,1.2307692307692308,1.1,0.9230769230769231,2105.0875
上海,2026-02,20,17,28,12,12,13,10,0,53270.03,20,46,0.7142857142857143,0.6,1.0,0.6071428571428571,1.0833333333333333,0.35714285714285715,2663.5015
上海,2026-03,23,14,25,17,13,5,9,0,18871.01,7,17,0.92,0.7391304347826086,0.7647058823529411,0.56,0.38461538461538464,0.36,2695.8585714285714
上海,2026-04,19,15,21,12,14,13,10,0,47191.69,18,44,0.9047619047619048,0.631578947368421,1.1666666666666667,0.7142857142857143,0.9285714285714286,0.47619047619047616,2621.7605555555556
上海,2026-05,17,14,15,4,8,11,7,0,42913.76,15,42,1.1333333333333333,0.23529411764705882,2.0,0.9333333333333333,1.375,0.4666666666666667,2860.9173333333333
上海,2026-06,16,16,21,13,10,10,17,0,47152.53,20,47,0.7619047619047619,0.8125,0.7692307692307693,0.7619047619047619,1.0,0.8095238095238095,2357.6265
上海,2026-07,14,17,19,17,5,8,13,0,63749.87,23,57,0.7368421052631579,1.2142857142857142,0.29411764705882354,0.8947368421052632,1.6,0.6842105263157895,2771.7334782608696
上海,2026-08,13,15,23,13,7,3,10,0,44389.45,17,43,0.5652173913043478,1.0,0.5384615384615384,0.6521739130434783,0.42857142857142855,0.43478260869565216,2611.1441176470585
上海,2026-09,17,11,20,15,5,12,10,0,61680.23,22,54,0.85,0.8823529411764706,0.3333333333333333,0.55,2.4,0.5,2803.646818181818
上海,2026-10,8,8,19,8,12,6,11,0,27632.24,12,32,0.42105263157894735,1.0,1.5,0.42105263157894735,0.5,0.5789473684210527,2302.686666666667
上海,2026-11,19,15,24,9,7,7,12,0,26595.13,10,24,0.7916666666666666,0.47368421052631576,0.7777777777777778,0.625,1.0,0.5,2659.513
上海,2026-12,17,9,23,9,8,13,5,0,27756.3,14,33,0.7391304347826086,0.5294117647058824,0.8888888888888888,0.391304347826087,1.625,0.21739130434782608,1982.5928571428572
北京,2025-01,21,22,27,17,10,9,7,0,61818.44,25,60,0.7777777777777778,0.8095238095238095,0.5882352941176471,0.8148148148148148,0.9,0.25925925925925924,2472.7376
北京,2025-02,18,19,26,13,11,7,10,0,65966.34,25,64,0.6923076923076923,0.7222222222222222,0.8461538461538461,0.7307692307692307,0.6363636363636364,0.38461538461538464,2638.6535999999996
北京,2025-03,11,16,25,15,12,10,11,0,41736.69,19,50,0.44,1.3636363636363635,0.8,0.64,0.8333333333333334,0.44,2196.6678947368423
北京,2025-04,18,11,26,17,10,8,8,0,79501.93,30,73,0.6923076923076923,0.9444444444444444,0.5882352941176471,0.4230769230769231,0.8,0.3076923076923077,2650.0643333333333
北京,2025-05,22,15,20,16,5,9,4,0,33860.15,12,28,1.1,0.7272727272727273,0.3125,0.75,1.8,0.2,2821.679166666667
北京,2025-06,19,15,29,17,11,7,8,0,61809.84,22,59,0.6551724137931034,0.8947368421052632,0.6470588235294118,0.5172413793103449,0.6363636363636364,0.27586206896551724,2809.538181818182
北京,2025-07,29,15,27,15,16,14,8,0,52906.8,22,57,1.0740740740740742,0.5172413793103449,1.0666666666666667,0.5555555555555556,0.875,0.2962962962962963,2404.8545454545456
北京,2025-08,15,17,20,12,10,10,6,0,26456.45,9,22,0.75,0.8,0.8333333333333334,0.85,1.0,0.3,2939.605555555556
北京,2025-09,14,5,17,10,9,11,13,0,24685.92,15,35,0.8235294117647058,0.7142857142857143,0.9,0.29411764705882354,1.2222222222222223,0.7647058823529411,1645.7279999999998
北京,2025-10,21,17,26,9,10,8,10,0,52918.52,18,47,0.8076923076923077,0.42857142857142855,1.1111111111111112,0.6538461538461539,0.8,0.38461538461538464,2939.9177777777777
北京,2025-11,18,17,20,14,15,7,9,0,64402.32,25,68,0.9,0.7777777777777778,1.0714285714285714,0.85,0.4666666666666667,0.45,2576.0928
北京,2025-12,21,14,25,9,9,6,8,0,54982.13,21,55,0.84,0.42857142857142855,1.0,0.56,0.6666666666666666,0.32,2618.1966666666667
北京,2026-01,16,16,21,7,14,10,12,0,61103.04,23,57,0.7619047619047619,0.4375,2.0,0.7619047619047619,0.7142857142857143,0.5714285714285714,2656.6539130434785
北京,2026-02,15,15,31,22,15,7,10,0,52444.34,18,46,0.4838709677419355,1.4666666666666666,0.6818181818181818,0.4838709677419355,0.4666666666666667,0.3225806451612903,2913.5744444444445
北京,2026-03,13,7,15,16,11,14,9,0,39963.95,17,40,0.8666666666666667,1.2307692307692308,0.6875,0.4666666666666667,1.2727272727272727,0.6,2350.820588235294
北京,2026-04,12,10,25,11,6,10,11,0,45849.33,19,49,0.48,0.9166666666666666,0.5454545454545454,0.4,1.6666666666666667,0.44,2413.1226315789477
北京,2026-05,17,14,19,16,7,14,6,0,26205.72,9,22,0.8947368421052632,0.9411764705882353,0.4375,0.7368421052631579,2.0,0.3157894736842105,2911.746666666667
北京,2026-06,13,14,25,11,18,10,8,0,47842.33,20,50,0.52,0.8461538461538461,1.6363636363636365,0.56,0.5555555555555556,0.32,2392.1165
北京,2026-07,24,15,22,13,10,6,14,0,37327.89,14,35,1.0909090909090908,0.5416666666666666,0.7692307692307693,0.6818181818181818,0.6,0.6363636363636364,2666.277857142857
北京,2026-08,20,12,21,12,14,11,8,0,64954.05,20,50,0.9523809523809523,0.6,1.1666666666666667,0.5714285714285714,0.7857142857142857,0.38095238095238093,3247.7025000000003
北京,2026-09,18,17,28,10,18,7,5,0,51923.770000000004,18,46,0.6428571428571429,0.5555555555555556,1.8,0.6071428571428571,0.3888888888888889,0.17857142857142858,2884.653888888889
北京,2026-10,26,21,29,15,10,8,10,0,47402.41,18,45,0.896551724137931,0.5769230769230769,0.6666666666666666,0.7241379310344828,0.8,0.3448275862068966,2633.4672222222225
北京,2026-11,20,19,29,16,9,13,7,0,42329.04,17,43,0.6896551724137931,0.8,0.5625,0.6551724137931034,1.4444444444444444,0.2413793103448276,2489.9435294117648
北京,2026-12,17,14,17,16,11,6,5,0,50859.74,22,56,1.0,0.9411764705882353,0.6875,0.8235294117647058,0.5454545454545454,0.29411764705882354,2311.8063636363636
南京,2025-01,10,9,16,11,6,9,8,0,41400.270000000004,15,37,0.625,1.1,0.5454545454545454,0.5625,1.5,0.5,2760.0180000000005
南京,2025-02,11,8,15,6,8,10,6,0,58014.09,24,61,0.7333333333333333,0.5454545454545454,1.3333333333333333,0.5333333333333333,1.25,0.4,2417.25375
南京,2025-03,11,13,17,6,13,13,5,0,39167.229999999996,20,53,0.6470588235294118,0.5454545454545454,2.1666666666666665,0.7647058823529411,1.0,0.29411764705882354,1958.3614999999998
南京,2025-04,18,9,19,12,9,4,10,0,53435.95,20,50,0.9473684210526315,0.6666666666666666,0.75,0.47368421052631576,0.4444444444444444,0.5263157894736842,2671.7974999999997
南京,2025-05,13,13,20,10,6,13,11,0,48998.78,18,43,0.65,0.7692307692307693,0.6,0.65,2.1666666666666665,0.55,2722.1544444444444
南京,2025-06,19,14,22,10,14,8,5,0,40713.47,20,51,0.8636363636363636,0.5263157894736842,1.4,0.6363636363636364,0.5714285714285714,0.22727272727272727,2035.6735
南京,2025-07,21,18,20,17,9,6,14,0,64451.71,21,55,1.05,0.8095238095238095,0.5294117647058824,0.9,0.6666666666666666,0.7,3069.1290476190475
南京,2025-08,19,10,19,6,7,5,8,0,17959.16,8,21,1.0,0.3157894736842105,1.1666666666666667,0.5263157894736842,0.7142857142857143,0.42105263157894735,2244.895
南京,2025-09,17,9,15,7,6,8,7,0,86841.67,32,76,1.1333333333333333,0.4117647058823529,0.8571428571428571,0.6,1.3333333333333333,0.4666666666666667,2713.8021875
南京,2025-10,16,8,19,10,11,8,11,0,37463.68,16,37,0.8421052631578947,0.625,1.1,0.42105263157894735,0.7272727272727273,0.5789473684210527,2341.48
南京,2025-11,18,9,23,12,13,8,5,0,15611.810000000001,6,17,0.782608695652174,0.6666666666666666,1.0833333333333333,0.391304347826087,0.6153846153846154,0.21739130434782608,2601.9683333333337
南京,2025-12,16,15,25,10,9,7,7,0,49081.4,17,46,0.64,0.625,0.9,0.6,0.7777777777777778,0.28,2887.141176470588
南京,2026-01,16,12,19,9,10,11,9,0,36636.45,16,39,0.8421052631578947,0.5625,1.1111111111111112,0.631578947368421,1.1,0.47368421052631576,2289.778125
南京,2026-02,17,16,23,14,13,14,11,0,35829.49,12,28,0.7391304347826086,0.8235294117647058,0.9285714285714286,0.6956521739130435,1.0769230769230769,0.4782608695652174,2985.790833333333
南京,2026-03,15,13,17,13,13,12,5,0,37409.14,14,38,0.8823529411764706,0.8666666666666667,1.0,0.7647058823529411,0.9230769230769231,0.29411764705882354,2672.0814285714287
南京,2026-04,9,6,10,6,5,8,6,0,50454.32,18,43,0.9,0.6666666666666666,0.8333333333333334,0.6,1.6,0.6,2803.0177777777776
南京,2026-05,19,8,17,10,8,7,5,0,57510.71,20,51,1.1176470588235294,0.5263157894736842,0.8,0.47058823529411764,0.875,0.29411764705882354,2875.5355
南京,2026-06,16,19,23,10,5,10,9,0,47423.23,24,58,0.6956521739130435,0.625,0.5,0.8260869565217391,2.0,0.391304347826087,1975.9679166666667
南京,2026-07,15,7,15,8,8,10,11,0,47675.85,21,53,1.0,0.5333333333333333,1.0,0.4666666666666667,1.25,0.7333333333333333,2270.2785714285715
南京,2026-08,16,9,20,6,6,13,8,0,35611.46,15,38,0.8,0.375,1.0,0.45,2.1666666666666665,0.4,2374.097333333333
南京,2026-09,13,14,18,9,9,9,8,0,61143.26,22,52,0.7222222222222222,0.6923076923076923,1.0,0.7777777777777778,1.0,0.4444444444444444,2779.239090909091
南京,2026-10,14,17,25,11,9,12,8,0,48021.12,13,34,0.56,0.7857142857142857,0.8181818181818182,0.68,1.3333333333333333,0.32,3693.932307692308
南京,2026-11,8,10,15,8,5,5,7,0,48365.88,17,41,0.5333333333333333,1.0,0.625,0.6666666666666666,1.0,0.4666666666666667,2845.0517647058823
南京,2026-12,16,13,22,4,7,6,3,0,23319.96,9,24,0.7272727272727273,0.25,1.75,0.5909090909090909,0.8571428571428571,0.13636363636363635,2591.1066666666666
广州,2025-01,17,9,25,13,11,7,6,0,31102.29,11,27,0.68,0.7647058823529411,0.8461538461538461,0.36,0.6363636363636364,0.24,2827.4809090909093
广州,2025-02,10,12,19,7,6,3,4,0,32115.1,14,35,0.5263157894736842,0.7,0.8571428571428571,0.631578947368421,0.5,0.21052631578947367,2293.9357142857143
广州,2025-03,20,21,28,14,17,13,15,0,63267.63,24,58,0.7142857142857143,0.7,1.2142857142857142,0.75,0.7647058823529411,0.5357142857142857,2636.15125
广州,2025-04,18,19,22,10,7,6,9,0,40927.909999999996,17,42,0.8181818181818182,0.5555555555555556,0.7,0.8636363636363636,0.8571428571428571,0.4090909090909091,2407.5241176470586
广州,2025-05,13,22,19,14,11,10,10,0,20973.79,6,16,0.6842105263157895,1.0769230769230769,0.7857142857142857,1.1578947368421053,0.9090909090909091,0.5263157894736842,3495.6316666666667
广州,2025-06,21,20,31,20,12,13,7,0,39756.25,14,36,0.6774193548387096,0.9523809523809523,0.6,0.6451612903225806,1.0833333333333333,0.22580645161290322,2839.7321428571427
广州,2025-07,10,14,23,8,8,9,7,0,54331.369999999995,21,52,0.43478260869565216,0.8,1.0,0.6086956521739131,1.125,0.30434782608695654,2587.208095238095
广州,2025-08,15,13,19,11,11,10,5,0,56928.7,25,60,0.7894736842105263,0.7333333333333333,1.0,0.6842105263157895,0.9090909090909091,0.2631578947368421,2277.1479999999997
广州,2025-09,15,10,27,10,12,14,10,0,60349.49,26,66,0.5555555555555556,0.6666666666666666,1.2,0.37037037037037035,1.1666666666666667,0.37037037037037035,2321.1342307692307
广州,2025-10,22,16,24,12,6,8,7,0,50483.65,17,43,0.9166666666666666,0.5454545454545454,0.5,0.6666666666666666,1.3333333333333333,0.2916666666666667,2969.6264705882354
广州,2025-11,13,15,19,13,13,11,6,0,42708.63,19,43,0.6842105263157895,1.0,1.0,0.7894736842105263,0.8461538461538461,0.3157894736842105,2247.822631578947
广州,2025-12,14,11,18,10,7,8,6,0,33429.909999999996,17,41,0.7777777777777778,0.7142857142857143,0.7,0.6111111111111112,1.1428571428571428,0.3333333333333333,1966.4652941176469
广州,2026-01,27,10,28,10,11,6,13,0,69081.15,25,66,0.9642857142857143,0.37037037037037035,1.1,0.35714285714285715,0.5454545454545454,0.4642857142857143,2763.2459999999996
广州,2026-02,16,18,22,17,15,12,9,0,33143.7,14,32,0.7272727272727273,1.0625,0.8823529411764706,0.8181818181818182,0.8,0.4090909090909091,2367.407142857143
广州,2026-03,19,9,26,12,12,4,6,0,28860.15,12,35,0.7307692307692307,0.631578947368421,1.0,0.34615384615384615,0.3333333333333333,0.23076923076923078,2405.0125000000003
广州,2026-04,20,15,26,12,7,8,7,0,28259.7,11,27,0.7692307692307693,0.6,0.5833333333333334,0.5769230769230769,1.1428571428571428,0.2692307692307692,2569.0636363636363
广州,2026-05,13,12,27,10,10,11,6,0,40301.57,16,42,0.48148148148148145,0.7692307692307693,1.0,0.4444444444444444,1.1,0.2222222222222222,2518.848125
广州,2026-06,14,9,23,9,6,6,6,0,62404.46,26,65,0.6086956521739131,0.6428571428571429,0.6666666666666666,0.391304347826087,1.0,0.2608695652173913,2400.1715384615386
广州,2026-07,13,10,19,9,10,7,5,0,45427.43,16,41,0.6842105263157895,0.6923076923076923,1.1111111111111112,0.5263157894736842,0.7,0.2631578947368421,2839.214375
广州,2026-08,20,17,25,10,10,7,10,0,45582.49,19,49,0.8,0.5,1.0,0.68,0.7,0.4,2399.0784210526313
广州,2026-09,8,4,20,6,4,9,4,0,17293.53,7,18,0.4,0.75,0.6666666666666666,0.2,2.25,0.2,2470.5042857142857
广州,2026-10,15,16,25,8,9,7,7,0,74780.67,29,73,0.6,0.5333333333333333,1.125,0.64,0.7777777777777778,0.28,2578.6437931034484
广州,2026-11,11,11,15,10,7,6,11,0,46708.16,18,45,0.7333333333333333,0.9090909090909091,0.7,0.7333333333333333,0.8571428571428571,0.7333333333333333,2594.897777777778
广州,2026-12,12,12,13,6,6,6,7,0,61360.4,20,51,0.9230769230769231,0.5,1.0,0.9230769230769231,1.0,0.5384615384615384,3068.02
成都,2025-01,15,15,22,12,8,7,9,0,41514.14,17,41,0.6818181818181818,0.8,0.6666666666666666,0.6818181818181818,0.875,0.4090909090909091,2442.0082352941176
成都,2025-02,13,12,21,14,8,9,9,0,54269.66,18,47,0.6190476190476191,1.0769230769230769,0.5714285714285714,0.5714285714285714,1.125,0.42857142857142855,3014.981111111111
成都,2025-03,17,14,23,11,10,8,8,0,39102.41,15,39,0.7391304347826086,0.6470588235294118,0.9090909090909091,0.6086956521739131,0.8,0.34782608695652173,2606.8273333333336
成都,2025-04,12,15,16,9,11,8,9,0,37828.74,17,42,0.75,0.75,1.2222222222222223,0.9375,0.7272727272727273,0.5625,2225.22
成都,2025-05,17,11,24,16,9,8,9,0,25506.1,13,33,0.7083333333333334,0.9411764705882353,0.5625,0.4583333333333333,0.8888888888888888,0.375,1962.0076923076922
成都,2025-06,7,16,18,11,12,7,2,0,63164.48,22,57,0.3888888888888889,1.5714285714285714,1.0909090909090908,0.8888888888888888,0.5833333333333334,0.1111111111111111,2871.1127272727276
成都,2025-07,11,8,20,13,11,9,7,0,41397.78,18,45,0.55,1.1818181818181819,0.8461538461538461,0.4,0.8181818181818182,0.35,2299.8766666666666
成都,2025-08,17,9,20,11,9,7,6,0,30822.38,14,40,0.85,0.6470588235294118,0.8181818181818182,0.45,0.7777777777777778,0.3,2201.5985714285716
成都,2025-09,19,20,29,14,9,6,5,0,63370.98,25,65,0.6551724137931034,0.7368421052631579,0.6428571428571429,0.6896551724137931,0.6666666666666666,0.1724137931034483,2534.8392000000003
成都,2025-10,15,14,19,13,8,8,7,0,41236.21,16,37,0.7894736842105263,0.8666666666666667,0.6153846153846154,0.7368421052631579,1.0,0.3684210526315789,2577.263125
成都,2025-11,16,8,23,9,8,10,5,0,42585.57,18,43,0.6956521739130435,0.5625,0.8888888888888888,0.34782608695652173,1.25,0.21739130434782608,2365.865
成都,2025-12,15,14,16,12,9,6,6,0,39072.979999999996,17,43,0.9375,0.8,0.75,0.875,0.6666666666666666,0.375,2298.4105882352937
成都,2026-01,13,11,22,6,6,8,6,0,52733.52,26,62,0.5909090909090909,0.46153846153846156,1.0,0.5,1.3333333333333333,0.2727272727272727,2028.2123076923076
成都,2026-02,18,16,22,14,11,11,2,0,51795.37,24,64,0.8181818181818182,0.7777777777777778,0.7857142857142857,0.7272727272727273,1.0,0.09090909090909091,2158.1404166666666
成都,2026-03,13,9,21,5,10,10,14,0,37723.78,16,39,0.6190476190476191,0.38461538461538464,2.0,0.42857142857142855,1.0,0.6666666666666666,2357.73625
成都,2026-04,13,13,15,6,7,5,5,0,41277.88,18,45,0.8666666666666667,0.46153846153846156,1.1666666666666667,0.8666666666666667,0.7142857142857143,0.3333333333333333,2293.2155555555555
成都,2026-05,14,8,20,13,2,8,7,0,50011.24,22,58,0.7,0.9285714285714286,0.15384615384615385,0.4,4.0,0.35,2273.2381818181816
成都,2026-06,15,10,18,12,5,7,8,0,50371.16,21,50,0.8333333333333334,0.8,0.4166666666666667,0.5555555555555556,1.4,0.4444444444444444,2398.626666666667
成都,2026-07,15,9,19,5,12,9,6,0,64814.18,23,58,0.7894736842105263,0.3333333333333333,2.4,0.47368421052631576,0.75,0.3157894736842105,2818.0078260869564
成都,2026-08,20,14,25,15,11,11,7,0,47455.64,19,48,0.8,0.75,0.7333333333333333,0.56,1.0,0.28,2497.6652631578945
成都,2026-09,16,9,24,9,8,7,2,0,50166.59,21,55,0.6666666666666666,0.5625,0.8888888888888888,0.375,0.875,0.08333333333333333,2388.885238095238
成都,2026-10,16,10,22,4,7,8,13,0,54707.87,22,56,0.7272727272727273,0.25,1.75,0.45454545454545453,1.1428571428571428,0.5909090909090909,2486.7213636363635
成都,2026-11,17,16,27,19,12,8,9,0,48205.31,19,48,0.6296296296296297,1.1176470588235294,0.631578947368421,0.5925925925925926,0.6666666666666666,0.3333333333333333,2537.121578947368
成都,2026-12,16,20,22,16,8,11,9,0,40658.909999999996,12,32,0.7272727272727273,1.0,0.5,0.9090909090909091,1.375,0.4090909090909091,3388.2425
杭州,2025-01,14,13,16,10,13,10,7,0,34929.81,13,30,0.875,0.7142857142857143,1.3,0.8125,0.7692307692307693,0.4375,2686.9084615384613
杭州,2025-02,20,21,29,15,13,5,8,0,59588.48,22,52,0.6896551724137931,0.75,0.8666666666666667,0.7241379310344828,0.38461538461538464,0.27586206896551724,2708.5672727272727
杭州,2025-03,16,7,20,5,7,8,5,0,37479.950000000004,15,35,0.8,0.3125,1.4,0.35,1.1428571428571428,0.25,2498.6633333333334
杭州,2025-04,20,14,24,18,10,3,5,0,41314.08,16,36,0.8333333333333334,0.9,0.5555555555555556,0.5833333333333334,0.3,0.20833333333333334,2582.13
杭州,2025-05,12,13,25,9,8,9,10,0,56531.32,20,50,0.48,0.75,0.8888888888888888,0.52,1.125,0.4,2826.566
杭州,2025-06,14,14,28,14,15,10,7,0,46470.5,19,50,0.5,1.0,1.0714285714285714,0.5,0.6666666666666666,0.25,2445.815789473684
杭州,2025-07,11,11,17,11,11,12,6,0,30331.33,14,35,0.6470588235294118,1.0,1.0,0.6470588235294118,1.0909090909090908,0.35294117647058826,2166.5235714285714
杭州,2025-08,14,11,25,9,5,8,8,0,43383.92,19,43,0.56,0.6428571428571429,0.5555555555555556,0.44,1.6,0.32,2283.3642105263157
杭州,2025-09,17,16,16,11,15,6,8,0,36410.78,12,27,1.0625,0.6470588235294118,1.3636363636363635,1.0,0.4,0.5,3034.2316666666666
杭州,2025-10,17,11,25,8,5,4,7,0,52856.46,21,57,0.68,0.47058823529411764,0.625,0.44,0.8,0.28,2516.9742857142855
杭州,2025-11,11,10,21,4,10,11,7,0,48186.35,15,34,0.5238095238095238,0.36363636363636365,2.5,0.47619047619047616,1.1,0.3333333333333333,3212.423333333333
杭州,2025-12,11,8,21,10,5,3,5,0,41664.340000000004,17,44,0.5238095238095238,0.9090909090909091,0.5,0.38095238095238093,0.6,0.23809523809523808,2450.843529411765
杭州,2026-01,12,14,17,16,10,11,4,0,47900.979999999996,19,50,0.7058823529411765,1.3333333333333333,0.625,0.8235294117647058,1.1,0.23529411764705882,2521.1042105263155
杭州,2026-02,18,7,23,13,14,8,13,0,24214.49,12,31,0.782608695652174,0.7222222222222222,1.0769230769230769,0.30434782608695654,0.5714285714285714,0.5652173913043478,2017.8741666666667
杭州,2026-03,9,11,18,6,9,9,5,0,40639.54,18,45,0.5,0.6666666666666666,1.5,0.6111111111111112,1.0,0.2777777777777778,2257.7522222222224
杭州,2026-04,13,14,22,13,9,7,7,0,53181.95,19,47,0.5909090909090909,1.0,0.6923076923076923,0.6363636363636364,0.7777777777777778,0.3181818181818182,2799.0499999999997
杭州,2026-05,19,16,20,12,11,10,3,0,36628.53,16,36,0.95,0.631578947368421,0.9166666666666666,0.8,0.9090909090909091,0.15,2289.283125
杭州,2026-06,18,17,30,10,7,6,4,0,42275.91,18,44,0.6,0.5555555555555556,0.7,0.5666666666666667,0.8571428571428571,0.13333333333333333,2348.661666666667
杭州,2026-07,9,7,16,8,9,11,10,0,53900.76,21,53,0.5625,0.8888888888888888,1.125,0.4375,1.2222222222222223,0.625,2566.7028571428573
杭州,2026-08,13,8,14,6,4,10,8,0,52411.13,22,55,0.9285714285714286,0.46153846153846156,0.6666666666666666,0.5714285714285714,2.5,0.5714285714285714,2382.324090909091
杭州,2026-09,18,19,23,15,8,12,7,0,52574.59,19,48,0.782608695652174,0.8333333333333334,0.5333333333333333,0.8260869565217391,1.5,0.30434782608695654,2767.083684210526
杭州,2026-10,13,6,20,12,10,13,7,0,74019.62,25,66,0.65,0.9230769230769231,0.8333333333333334,0.3,1.3,0.35,2960.7848
杭州,2026-11,16,12,21,10,12,7,8,0,56021.67,19,46,0.7619047619047619,0.625,1.2,0.5714285714285714,0.5833333333333334,0.38095238095238093,2948.508947368421
杭州,2026-12,22,17,27,20,15,11,10,0,66120.25,21,52,0.8148148148148148,0.9090909090909091,0.75,0.6296296296296297,0.7333333333333333,0.37037037037037035,3148.5833333333335
武汉,2025-01,18,13,23,9,10,6,5,0,49458.6,21,53,0.782608695652174,0.5,1.1111111111111112,0.5652173913043478,0.6,0.21739130434782608,2355.1714285714284
武汉,2025-02,14,11,26,6,7,6,10,0,29252.67,14,37,0.5384615384615384,0.42857142857142855,1.1666666666666667,0.4230769230769231,0.8571428571428571,0.38461538461538464,2089.4764285714286
武汉,2025-03,14,6,22,12,8,5,8,0,41657.56,19,51,0.6363636363636364,0.8571428571428571,0.6666666666666666,0.2727272727272727,0.625,0.36363636363636365,2192.503157894737
武汉,2025-04,12,15,23,16,12,13,7,0,35525.23,20,52,0.5217391304347826,1.3333333333333333,0.75,0.6521739130434783,1.0833333333333333,0.30434782608695654,1776.2615
武汉,2025-05,21,10,18,13,9,9,5,0,56135.27,22,61,1.1666666666666667,0.6190476190476191,0.6923076923076923,0.5555555555555556,1.0,0.2777777777777778,2551.603181818182
武汉,2025-06,18,10,19,11,4,4,7,0,46364.25,17,42,0.9473684210526315,0.6111111111111112,0.36363636363636365,0.5263157894736842,1.0,0.3684210526315789,2727.3088235294117
武汉,2025-07,16,15,18,13,12,10,3,0,38937.39,14,35,0.8888888888888888,0.8125,0.9230769230769231,0.8333333333333334,0.8333333333333334,0.16666666666666666,2781.242142857143
武汉,2025-08,18,13,18,10,10,5,5,0,38831.8,15,33,1.0,0.5555555555555556,1.0,0.7222222222222222,0.5,0.2777777777777778,2588.786666666667
武汉,2025-09,22,21,25,12,9,9,4,0,44906.68,20,52,0.88,0.5454545454545454,0.75,0.84,1.0,0.16,2245.334
武汉,2025-10,16,15,19,9,11,5,3,0,60166.81,20,48,0.8421052631578947,0.5625,1.2222222222222223,0.7894736842105263,0.45454545454545453,0.15789473684210525,3008.3405
武汉,2025-11,15,7,20,11,11,10,10,0,31964.98,13,32,0.75,0.7333333333333333,1.0,0.35,0.9090909090909091,0.5,2458.8446153846153
武汉,2025-12,26,15,30,12,11,9,7,0,44318.69,20,44,0.8666666666666667,0.46153846153846156,0.9166666666666666,0.5,0.8181818181818182,0.23333333333333334,2215.9345000000003
武汉,2026-01,14,12,19,14,13,13,7,0,36310.63,12,29,0.7368421052631579,1.0,0.9285714285714286,0.631578947368421,1.0,0.3684210526315789,3025.8858333333333
武汉,2026-02,22,14,24,17,10,7,14,0,25199.91,10,29,0.9166666666666666,0.7727272727272727,0.5882352941176471,0.5833333333333334,0.7,0.5833333333333334,2519.991
武汉,2026-03,22,17,27,11,14,8,7,0,38039.2,13,35,0.8148148148148148,0.5,1.2727272727272727,0.6296296296296297,0.5714285714285714,0.25925925925925924,2926.0923076923073
武汉,2026-04,11,14,18,8,9,8,6,0,61030.32,23,59,0.6111111111111112,0.7272727272727273,1.125,0.7777777777777778,0.8888888888888888,0.3333333333333333,2653.4921739130436
武汉,2026-05,16,8,22,7,9,6,7,0,33373.2,14,34,0.7272727272727273,0.4375,1.2857142857142858,0.36363636363636365,0.6666666666666666,0.3181818181818182,2383.7999999999997
武汉,2026-06,16,13,24,13,6,6,2,0,41827.04,18,48,0.6666666666666666,0.8125,0.46153846153846156,0.5416666666666666,1.0,0.08333333333333333,2323.7244444444445
武汉,2026-07,18,20,24,13,10,13,6,0,40221.81,15,35,0.75,0.7222222222222222,0.7692307692307693,0.8333333333333334,1.3,0.25,2681.4539999999997
武汉,2026-08,13,11,19,10,8,9,4,0,61905.99,20,49,0.6842105263157895,0.7692307692307693,0.8,0.5789473684210527,1.125,0.21052631578947367,3095.2995
武汉,2026-09,15,14,16,13,10,5,10,0,53067.95,22,57,0.9375,0.8666666666666667,0.7692307692307693,0.875,0.5,0.625,2412.1795454545454
武汉,2026-10,13,13,17,10,7,9,8,0,44746.37,19,46,0.7647058823529411,0.7692307692307693,0.7,0.7647058823529411,1.2857142857142858,0.47058823529411764,2355.072105263158
武汉,2026-11,19,15,25,11,4,7,8,0,48138.61,18,40,0.76,0.5789473684210527,0.36363636363636365,0.6,1.75,0.32,2674.367222222222
武汉,2026-12,16,14,21,11,12,7,5,0,24740.18,16,43,0.7619047619047619,0.6875,1.0909090909090908,0.6666666666666666,0.5833333333333334,0.23809523809523808,1546.26125
深圳,2025-01,23,12,29,12,8,6,7,0,49632.37,22,51,0.7931034482758621,0.5217391304347826,0.6666666666666666,0.41379310344827586,0.75,0.2413793103448276,2256.0168181818185
深圳,2025-02,16,11,23,8,11,8,8,0,40815.47,17,40,0.6956521739130435,0.5,1.375,0.4782608695652174,0.7272727272727273,0.34782608695652173,2400.91
深圳,2025-03,27,29,29,21,25,12,10,0,50583.23,18,47,0.9310344827586207,0.7777777777777778,1.1904761904761905,1.0,0.48,0.3448275862068966,2810.1794444444445
深圳,2025-04,15,16,21,9,9,9,8,0,57780.79,19,44,0.7142857142857143,0.6,1.0,0.7619047619047619,1.0,0.38095238095238093,3041.0942105263157
深圳,2025-05,16,16,21,8,6,4,9,0,53879.19,16,40,0.7619047619047619,0.5,0.75,0.7619047619047619,0.6666666666666666,0.42857142857142855,3367.449375
深圳,2025-06,25,16,28,19,10,8,7,0,51742.09,22,54,0.8928571428571429,0.76,0.5263157894736842,0.5714285714285714,0.8,0.25,2351.913181818182
深圳,2025-07,21,18,33,14,10,5,7,0,55647.57,24,61,0.6363636363636364,0.6666666666666666,0.7142857142857143,0.5454545454545454,0.5,0.21212121212121213,2318.64875
深圳,2025-08,6,14,29,7,5,16,6,0,61960.31,24,57,0.20689655172413793,1.1666666666666667,0.7142857142857143,0.4827586206896552,3.2,0.20689655172413793,2581.679583333333
深圳,2025-09,24,19,33,13,12,10,6,0,56050.14,20,49,0.7272727272727273,0.5416666666666666,0.9230769230769231,0.5757575757575758,0.8333333333333334,0.18181818181818182,2802.507
深圳,2025-10,23,15,38,18,13,7,8,0,64591.159999999996,25,62,0.6052631578947368,0.782608695652174,0.7222222222222222,0.39473684210526316,0.5384615384615384,0.21052631578947367,2583.6463999999996
深圳,2025-11,16,14,26,10,12,9,8,0,49426.88,16,43,0.6153846153846154,0.625,1.2,0.5384615384615384,0.75,0.3076923076923077,3089.18
深圳,2025-12,26,23,33,13,13,19,9,0,45302.3,19,47,0.7878787878787878,0.5,1.0,0.696969696969697,1.4615384615384615,0.2727272727272727,2384.3315789473686
深圳,2026-01,12,8,16,13,13,5,7,0,46677.89,16,39,0.75,1.0833333333333333,1.0,0.5,0.38461538461538464,0.4375,2917.368125
深圳,2026-02,18,24,28,14,12,8,7,0,39873.73,15,39,0.6428571428571429,0.7777777777777778,0.8571428571428571,0.8571428571428571,0.6666666666666666,0.25,2658.248666666667
深圳,2026-03,10,18,27,16,12,14,14,0,41624.93,15,42,0.37037037037037035,1.6,0.75,0.6666666666666666,1.1666666666666667,0.5185185185185185,2774.9953333333333
深圳,2026-04,19,5,17,11,7,7,11,0,47132.96,20,50,1.1176470588235294,0.5789473684210527,0.6363636363636364,0.29411764705882354,1.0,0.6470588235294118,2356.648
深圳,2026-05,19,15,27,9,14,15,6,0,27196.07,10,25,0.7037037037037037,0.47368421052631576,1.5555555555555556,0.5555555555555556,1.0714285714285714,0.2222222222222222,2719.607
深圳,2026-06,17,8,29,9,14,7,12,0,40110.28,19,47,0.5862068965517241,0.5294117647058824,1.5555555555555556,0.27586206896551724,0.5,0.41379310344827586,2111.0673684210524
深圳,2026-07,13,14,21,10,9,11,10,0,55138.63,20,54,0.6190476190476191,0.7692307692307693,0.9,0.6666666666666666,1.2222222222222223,0.47619047619047616,2756.9314999999997
深圳,2026-08,21,18,29,19,13,12,8,0,34298.229999999996,15,39,0.7241379310344828,0.9047619047619048,0.6842105263157895,0.6206896551724138,0.9230769230769231,0.27586206896551724,2286.5486666666666
深圳,2026-09,16,16,26,15,9,13,6,0,65874.29,27,73,0.6153846153846154,0.9375,0.6,0.6153846153846154,1.4444444444444444,0.23076923076923078,2439.7885185185182
深圳,2026-10,13,13,20,11,7,6,6,0,37794.53,13,34,0.65,0.8461538461538461,0.6363636363636364,0.65,0.8571428571428571,0.3,2907.2715384615385
深圳,2026-11,15,17,30,17,17,11,3,0,39743.39,18,45,0.5,1.1333333333333333,1.0,0.5666666666666667,0.6470588235294118,0.1,2207.966111111111
深圳,2026-12,19,15,29,9,8,13,8,0,71439.95,25,61,0.6551724137931034,0.47368421052631576,0.8888888888888888,0.5172413793103449,1.625,0.27586206896551724,2857.598
西安,2025-01,16,16,23,15,10,11,6,0,48826.44,19,50,0.6956521739130435,0.9375,0.6666666666666666,0.6956521739130435,1.1,0.2608695652173913,2569.8126315789473
西安,2025-02,20,19,22,11,10,9,3,0,51119.57,20,51,0.9090909090909091,0.55,0.9090909090909091,0.8636363636363636,0.9,0.13636363636363635,2555.9785
西安,2025-03,24,16,25,18,16,10,13,0,26874.5,17,46,0.96,0.75,0.8888888888888888,0.64,0.625,0.52,1580.8529411764705
西安,2025-04,21,12,24,11,8,10,8,0,37985.57,13,32,0.875,0.5238095238095238,0.7272727272727273,0.5,1.25,0.3333333333333333,2921.966923076923
西安,2025-05,22,16,22,19,14,12,14,0,41569.38,20,55,1.0,0.8636363636363636,0.7368421052631579,0.7272727272727273,0.8571428571428571,0.6363636363636364,2078.469
西安,2025-06,17,11,20,10,8,13,9,0,23735.89,10,28,0.85,0.5882352941176471,0.8,0.55,1.625,0.45,2373.589
西安,2025-07,15,15,26,13,17,10,9,0,25758.01,11,29,0.5769230769230769,0.8666666666666667,1.3076923076923077,0.5769230769230769,0.5882352941176471,0.34615384615384615,2341.6372727272724
西安,2025-08,15,16,16,12,12,9,5,0,48327.05,17,40,0.9375,0.8,1.0,1.0,0.75,0.3125,2842.7676470588235
西安,2025-09,19,14,19,10,14,14,9,0,23782.7,14,33,1.0,0.5263157894736842,1.4,0.7368421052631579,1.0,0.47368421052631576,1698.7642857142857
西安,2025-10,18,11,26,13,9,9,11,0,46830.74,16,39,0.6923076923076923,0.7222222222222222,0.6923076923076923,0.4230769230769231,1.0,0.4230769230769231,2926.92125
西安,2025-11,19,14,27,19,12,6,8,0,37337.86,17,42,0.7037037037037037,1.0,0.631578947368421,0.5185185185185185,0.5,0.2962962962962963,2196.344705882353
西安,2025-12,16,12,24,11,15,7,15,0,63420.26,25,68,0.6666666666666666,0.6875,1.3636363636363635,0.5,0.4666666666666667,0.625,2536.8104000000003
西安,2026-01,17,15,25,11,13,7,9,0,51168.94,20,53,0.68,0.6470588235294118,1.1818181818181819,0.6,0.5384615384615384,0.36,2558.447
西安,2026-02,13,11,27,10,9,6,8,0,21874.52,12,27,0.48148148148148145,0.7692307692307693,0.9,0.4074074074074074,0.6666666666666666,0.2962962962962963,1822.8766666666668
西安,2026-03,12,7,22,3,4,9,5,0,34648.67,17,43,0.5454545454545454,0.25,1.3333333333333333,0.3181818181818182,2.25,0.22727272727272727,2038.1570588235293
西安,2026-04,14,16,13,14,7,11,9,0,61204.88,29,72,1.0769230769230769,1.0,0.5,1.2307692307692308,1.5714285714285714,0.6923076923076923,2110.5131034482756
西安,2026-05,16,11,19,11,6,7,4,0,53589.36,18,45,0.8421052631578947,0.6875,0.5454545454545454,0.5789473684210527,1.1666666666666667,0.21052631578947367,2977.1866666666665
西安,2026-06,17,7,18,7,12,13,5,0,46213.39,18,46,0.9444444444444444,0.4117647058823529,1.7142857142857142,0.3888888888888889,1.0833333333333333,0.2777777777777778,2567.4105555555557
西安,2026-07,13,15,15,6,12,6,6,0,65430.62,25,57,0.8666666666666667,0.46153846153846156,2.0,1.0,0.5,0.4,2617.2248
西安,2026-08,14,14,20,13,10,8,4,0,48760.47,17,44,0.7,0.9285714285714286,0.7692307692307693,0.7,0.8,0.2,2868.2629411764706
西安,2026-09,13,18,11,6,9,7,4,0,30883.33,17,40,1.1818181818181819,0.46153846153846156,1.5,1.6363636363636365,0.7777777777777778,0.36363636363636365,1816.6664705882354
西安,2026-10,21,12,24,16,8,9,17,0,36556.52,13,33,0.875,0.7619047619047619,0.5,0.5,1.125,0.7083333333333334,2812.04
西安,2026-11,16,8,20,11,10,11,10,0,30652.84,13,35,0.8,0.6875,0.9090909090909091,0.4,1.1,0.5,2357.9107692307693
西安,2026-12,23,12,25,11,11,6,10,0,69804.19,26,68,0.92,0.4782608695652174,1.0,0.48,0.5454545454545454,0.4,2684.7765384615386
重庆,2025-01,23,21,23,16,10,10,10,0,79820.79,28,73,1.0,0.6956521739130435,0.625,0.9130434782608695,1.0,0.43478260869565216,2850.7425
重庆,2025-02,12,18,25,11,5,7,6,0,44598.74,18,44,0.48,0.9166666666666666,0.45454545454545453,0.72,1.4,0.24,2477.7077777777777
重庆,2025-03,19,17,31,11,10,12,13,0,79767.32,25,62,0.6129032258064516,0.5789473684210527,0.9090909090909091,0.5483870967741935,1.2,0.41935483870967744,3190.6928000000003
重庆,2025-04,23,19,29,12,9,4,5,0,37258.8,18,42,0.7931034482758621,0.5217391304347826,0.75,0.6551724137931034,0.4444444444444444,0.1724137931034483,2069.9333333333334
重庆,2025-05,20,16,28,14,7,6,5,0,56544.07,22,59,0.7142857142857143,0.7,0.5,0.5714285714285714,0.8571428571428571,0.17857142857142858,2570.185
重庆,2025-06,24,16,31,12,14,8,3,0,50893.409999999996,21,55,0.7741935483870968,0.5,1.1666666666666667,0.5161290322580645,0.5714285714285714,0.0967741935483871,2423.4957142857143
重庆,2025-07,13,19,28,12,11,5,11,0,28955.49,15,37,0.4642857142857143,0.9230769230769231,0.9166666666666666,0.6785714285714286,0.45454545454545453,0.39285714285714285,1930.3660000000002
重庆,2025-08,16,9,33,11,7,4,7,0,53888.28,23,54,0.48484848484848486,0.6875,0.6363636363636364,0.2727272727272727,0.5714285714285714,0.21212121212121213,2342.9686956521737
重庆,2025-09,19,13,26,11,9,8,6,0,52733.159999999996,16,38,0.7307692307692307,0.5789473684210527,0.8181818181818182,0.5,0.8888888888888888,0.23076923076923078,3295.8224999999998
重庆,2025-10,24,22,39,18,18,12,11,0,47558.46,22,53,0.6153846153846154,0.75,1.0,0.5641025641025641,0.6666666666666666,0.28205128205128205,2161.748181818182
重庆,2025-11,21,11,25,14,13,11,8,0,32320.66,13,31,0.84,0.6666666666666666,0.9285714285714286,0.44,0.8461538461538461,0.32,2486.2046153846154
重庆,2025-12,20,16,24,12,20,7,12,0,49198.35,23,58,0.8333333333333334,0.6,1.6666666666666667,0.6666666666666666,0.35,0.5,2139.058695652174
重庆,2026-01,25,11,30,11,5,3,2,0,74435.55,24,60,0.8333333333333334,0.44,0.45454545454545453,0.36666666666666664,0.6,0.06666666666666667,3101.4812500000003
重庆,2026-02,20,15,30,16,15,8,3,0,57655.5,26,62,0.6666666666666666,0.8,0.9375,0.5,0.5333333333333333,0.1,2217.519230769231
重庆,2026-03,22,7,32,12,14,8,5,0,63886.92,28,68,0.6875,0.5454545454545454,1.1666666666666667,0.21875,0.5714285714285714,0.15625,2281.675714285714
重庆,2026-04,20,12,31,20,11,9,7,0,57977.8,21,52,0.6451612903225806,1.0,0.55,0.3870967741935484,0.8181818181818182,0.22580645161290322,2760.847619047619
重庆,2026-05,20,15,29,14,13,8,7,0,38194.659999999996,16,43,0.6896551724137931,0.7,0.9285714285714286,0.5172413793103449,0.6153846153846154,0.2413793103448276,2387.1662499999998
重庆,2026-06,27,16,26,15,11,9,12,0,83405.77,29,73,1.0384615384615385,0.5555555555555556,0.7333333333333333,0.6153846153846154,0.8181818181818182,0.46153846153846156,2876.0610344827587
重庆,2026-07,23,17,37,10,10,10,14,0,60826.35,23,58,0.6216216216216216,0.43478260869565216,1.0,0.4594594594594595,1.0,0.3783783783783784,2644.6239130434783
重庆,2026-08,20,17,32,15,12,13,7,0,67511.08,27,69,0.625,0.75,0.8,0.53125,1.0833333333333333,0.21875,2500.4103703703704
重庆,2026-09,29,17,27,16,14,14,12,0,52218.59,18,45,1.0740740740740742,0.5517241379310345,0.875,0.6296296296296297,1.0,0.4444444444444444,2901.0327777777775
重庆,2026-10,25,17,27,12,12,12,8,0,60027.69,25,63,0.9259259259259259,0.48,1.0,0.6296296296296297,1.0,0.2962962962962963,2401.1076000000003
重庆,2026-11,33,22,32,16,16,7,7,0,72968.95,26,62,1.03125,0.48484848484848486,1.0,0.6875,0.4375,0.21875,2806.498076923077
重庆,2026-12,15,15,22,13,9,10,7,0,63007.71,22,55,0.6818181818181818,0.8666666666666667,0.6923076923076923,0.6818181818181818,1.1111111111111112,0.3181818181818182,2863.9868181818183
