date,exposures,carts,behavior_orders,pays,favorites,reviews,shares,active_users,sessions,gmv,orders,buyers,aov,cart_rate,order_rate,pay_rate,favorite_rate,share_rate,review_rate,period
2025-01-01,8,7,3,4,5,5,3,28,35,11626.31,5.0,5.0,2325.2619999999997,0.875,0.42857142857142855,1.3333333333333333,0.625,0.375,1.25,previous_period
2025-01-02,5,5,6,3,6,0,3,20,28,0.0,0.0,0.0,,1.0,1.2,0.5,1.2,0.6,0.0,previous_period
2025-01-03,9,5,2,5,3,3,2,26,29,20332.82,6.0,6.0,3388.8033333333333,0.5555555555555556,0.4,2.5,0.3333333333333333,0.2222222222222222,0.6,previous_period
2025-01-04,5,6,3,4,4,3,1,17,26,9940.34,4.0,4.0,2485.085,1.2,0.5,1.3333333333333333,0.8,0.2,0.75,previous_period
2025-01-05,11,8,5,1,6,3,2,27,36,7594.04,2.0,2.0,3797.02,0.7272727272727273,0.625,0.2,0.5454545454545454,0.18181818181818182,3.0,previous_period
2025-01-06,8,6,5,4,7,4,1,24,35,20096.12,5.0,5.0,4019.2239999999997,0.75,0.8333333333333334,0.8,0.875,0.125,1.0,previous_period
2025-01-07,4,5,3,1,3,4,0,16,20,7259.929999999999,4.0,4.0,1814.9824999999998,1.25,0.6,0.3333333333333333,0.75,0.0,4.0,previous_period
2025-01-08,6,4,9,2,4,2,3,24,30,4283.97,3.0,3.0,1427.99,0.6666666666666666,2.25,0.2222222222222222,0.6666666666666666,0.5,1.0,previous_period
2025-01-09,4,4,3,2,5,2,5,14,25,11388.03,4.0,4.0,2847.0075,1.0,0.75,0.6666666666666666,1.25,1.25,1.0,previous_period
2025-01-10,6,5,5,1,2,2,2,23,23,11874.59,5.0,5.0,2374.918,0.8333333333333334,1.0,0.2,0.3333333333333333,0.3333333333333333,2.0,previous_period
2025-01-11,8,6,6,6,8,6,2,25,42,2876.55,2.0,2.0,1438.275,0.75,1.0,1.0,1.0,0.25,1.0,previous_period
2025-01-12,14,7,5,7,10,2,2,26,47,13265.72,4.0,4.0,3316.43,0.5,0.7142857142857143,1.4,0.7142857142857143,0.14285714285714285,0.2857142857142857,previous_period
2025-01-13,10,9,7,2,10,2,2,25,42,15450.880000000001,5.0,5.0,3090.1760000000004,0.9,0.7777777777777778,0.2857142857142857,1.0,0.2,1.0,previous_period
2025-01-14,9,6,6,5,6,1,1,22,34,13322.14,5.0,5.0,2664.428,0.6666666666666666,1.0,0.8333333333333334,0.6666666666666666,0.1111111111111111,0.2,previous_period
2025-01-15,5,6,4,5,5,3,7,26,35,8319.29,5.0,5.0,1663.8580000000002,1.2,0.6666666666666666,1.25,1.0,1.4,0.6,previous_period
2025-01-16,8,5,3,5,3,3,2,22,29,4177.639999999999,3.0,3.0,1392.5466666666664,0.625,0.6,1.6666666666666667,0.375,0.25,0.6,previous_period
2025-01-17,12,8,7,4,8,5,0,23,44,14959.470000000001,6.0,6.0,2493.2450000000003,0.6666666666666666,0.875,0.5714285714285714,0.6666666666666666,0.0,1.25,previous_period
2025-01-18,4,5,3,3,4,0,2,15,21,5442.41,2.0,2.0,2721.205,1.25,0.6,1.0,1.0,0.5,0.0,previous_period
2025-01-19,8,6,6,5,4,3,4,22,36,1507.11,1.0,1.0,1507.11,0.75,1.0,0.8333333333333334,0.5,0.5,0.6,previous_period
2025-01-20,5,4,5,3,4,7,4,26,32,2414.95,1.0,1.0,2414.95,0.8,1.25,0.6,0.8,0.8,2.3333333333333335,previous_period
2025-01-21,8,5,4,2,4,1,4,26,28,9520.849999999999,2.0,2.0,4760.424999999999,0.625,0.8,0.5,0.5,0.5,0.5,previous_period
2025-01-22,6,8,4,1,5,2,4,24,30,3007.1,2.0,2.0,1503.55,1.3333333333333333,0.5,0.25,0.8333333333333334,0.6666666666666666,2.0,previous_period
2025-01-23,12,9,3,4,7,2,4,29,41,12099.77,5.0,5.0,2419.954,0.75,0.3333333333333333,1.3333333333333333,0.5833333333333334,0.3333333333333333,0.5,previous_period
2025-01-24,11,5,3,3,3,2,4,23,31,14389.18,5.0,5.0,2877.8360000000002,0.45454545454545453,0.6,1.0,0.2727272727272727,0.36363636363636365,0.6666666666666666,previous_period
2025-01-25,6,3,6,2,4,2,3,19,26,1644.8899999999999,2.0,2.0,822.4449999999999,0.5,2.0,0.3333333333333333,0.6666666666666666,0.5,1.0,previous_period
2025-01-26,9,5,2,2,3,3,2,20,26,16519.09,6.0,6.0,2753.181666666667,0.5555555555555556,0.4,1.0,0.3333333333333333,0.2222222222222222,1.5,previous_period
2025-01-27,10,7,6,7,6,5,4,25,45,5693.41,2.0,2.0,2846.705,0.7,0.8571428571428571,1.1666666666666667,0.6,0.4,0.7142857142857143,previous_period
2025-01-28,8,5,6,3,4,2,1,16,29,114.89,1.0,1.0,114.89,0.625,1.2,0.5,0.5,0.125,0.6666666666666666,previous_period
2025-02-01,7,7,4,5,6,2,2,17,33,19240.25,6.0,6.0,3206.7083333333335,1.0,0.5714285714285714,1.25,0.8571428571428571,0.2857142857142857,0.4,previous_period
2025-02-02,4,3,6,6,2,2,1,24,24,8420.64,3.0,3.0,2806.8799999999997,0.75,2.0,1.0,0.5,0.25,0.3333333333333333,previous_period
2025-02-03,13,8,4,5,6,5,4,25,45,9734.25,4.0,4.0,2433.5625,0.6153846153846154,0.5,1.25,0.46153846153846156,0.3076923076923077,1.0,previous_period
2025-02-04,8,2,1,3,3,1,2,17,20,4314.72,1.0,1.0,4314.72,0.25,0.5,3.0,0.375,0.25,0.3333333333333333,previous_period
2025-02-05,11,4,2,4,5,7,3,29,36,8617.66,4.0,4.0,2154.415,0.36363636363636365,0.5,2.0,0.45454545454545453,0.2727272727272727,1.75,previous_period
2025-02-06,8,4,1,0,4,0,5,20,22,9110.869999999999,4.0,4.0,2277.7174999999997,0.5,0.25,0.0,0.5,0.625,,previous_period
2025-02-07,4,4,3,1,5,3,3,20,23,5732.370000000001,2.0,2.0,2866.1850000000004,1.0,0.75,0.3333333333333333,1.25,0.75,3.0,previous_period
2025-02-08,9,6,9,4,8,5,5,30,46,13991.14,6.0,6.0,2331.8566666666666,0.6666666666666666,1.5,0.4444444444444444,0.8888888888888888,0.5555555555555556,1.25,previous_period
2025-02-09,13,5,3,4,6,8,4,30,43,2699.88,1.0,1.0,2699.88,0.38461538461538464,0.6,1.3333333333333333,0.46153846153846156,0.3076923076923077,2.0,previous_period
2025-02-10,12,8,5,0,6,1,1,24,33,6273.8,2.0,2.0,3136.9,0.6666666666666666,0.625,0.0,0.5,0.08333333333333333,,previous_period
2025-02-11,5,2,4,0,5,3,2,16,21,2399.07,1.0,1.0,2399.07,0.4,2.0,0.0,1.0,0.4,,previous_period
2025-02-12,7,5,4,1,2,2,2,15,23,9347.47,3.0,3.0,3115.8233333333333,0.7142857142857143,0.8,0.25,0.2857142857142857,0.2857142857142857,2.0,previous_period
2025-02-13,4,5,2,2,3,4,1,17,21,15120.57,6.0,6.0,2520.095,1.25,0.4,1.0,0.75,0.25,2.0,previous_period
2025-02-14,6,6,5,4,6,1,2,25,30,16486.8,6.0,6.0,2747.7999999999997,1.0,0.8333333333333334,0.8,1.0,0.3333333333333333,0.25,previous_period
2025-02-15,2,1,4,4,6,1,5,22,23,5200.76,2.0,2.0,2600.38,0.5,4.0,1.0,3.0,2.5,0.25,previous_period
2025-02-16,9,10,5,3,9,0,6,28,42,3029.51,3.0,3.0,1009.8366666666667,1.1111111111111112,0.5,0.6,1.0,0.6666666666666666,0.0,previous_period
2025-02-17,3,4,3,2,1,1,2,16,16,15576.93,5.0,5.0,3115.386,1.3333333333333333,0.75,0.6666666666666666,0.3333333333333333,0.6666666666666666,0.5,previous_period
2025-02-18,12,6,1,3,1,8,1,31,32,10603.86,5.0,5.0,2120.772,0.5,0.16666666666666666,3.0,0.08333333333333333,0.08333333333333333,2.6666666666666665,previous_period
2025-02-19,7,7,4,5,5,0,2,21,30,12173.13,4.0,4.0,3043.2825,1.0,0.5714285714285714,1.25,0.7142857142857143,0.2857142857142857,0.0,previous_period
2025-02-20,9,4,1,3,8,2,3,24,30,9241.05,3.0,3.0,3080.35,0.4444444444444444,0.25,3.0,0.8888888888888888,0.3333333333333333,0.6666666666666666,previous_period
2025-02-21,11,7,2,5,5,5,2,23,37,15553.36,6.0,6.0,2592.226666666667,0.6363636363636364,0.2857142857142857,2.5,0.45454545454545453,0.18181818181818182,1.0,previous_period
2025-02-22,5,8,2,4,6,1,4,23,30,11980.369999999999,4.0,4.0,2995.0924999999997,1.6,0.25,2.0,1.2,0.8,0.25,previous_period
2025-02-23,8,4,6,1,5,2,4,21,30,8078.06,3.0,3.0,2692.686666666667,0.5,1.5,0.16666666666666666,0.625,0.5,2.0,previous_period
2025-02-24,5,4,4,1,4,1,3,17,22,3386.3099999999995,2.0,2.0,1693.1549999999997,0.8,1.0,0.25,0.8,0.6,1.0,previous_period
2025-02-25,14,6,4,6,8,4,2,27,44,6614.63,3.0,3.0,2204.8766666666666,0.42857142857142855,0.6666666666666666,1.5,0.5714285714285714,0.14285714285714285,0.6666666666666666,previous_period
2025-02-26,10,6,5,4,9,2,2,30,38,2779.1,1.0,1.0,2779.1,0.6,0.8333333333333334,0.8,0.9,0.2,0.5,previous_period
2025-02-27,8,9,6,6,4,1,5,26,39,7259.5,3.0,3.0,2419.8333333333335,1.125,0.6666666666666666,1.0,0.5,0.625,0.16666666666666666,previous_period
2025-02-28,9,4,4,5,4,1,2,21,29,5561.110000000001,2.0,2.0,2780.5550000000003,0.4444444444444444,1.0,1.25,0.4444444444444444,0.2222222222222222,0.2,previous_period
2025-03-01,5,4,3,7,7,2,2,19,30,4722.72,2.0,2.0,2361.36,0.8,0.75,2.3333333333333335,1.4,0.4,0.2857142857142857,previous_period
2025-03-02,6,3,3,3,4,6,8,23,33,18627.91,8.0,8.0,2328.48875,0.5,1.0,1.0,0.6666666666666666,1.3333333333333333,2.0,previous_period
2025-03-03,10,10,3,7,8,3,2,19,43,11120.099999999999,4.0,4.0,2780.0249999999996,1.0,0.3,2.3333333333333335,0.8,0.2,0.42857142857142855,previous_period
2025-03-04,8,12,6,8,8,5,5,30,52,4977.62,2.0,2.0,2488.81,1.5,0.5,1.3333333333333333,1.0,0.625,0.625,previous_period
2025-03-05,13,4,5,2,7,1,3,24,35,0.0,0.0,0.0,,0.3076923076923077,1.25,0.4,0.5384615384615384,0.23076923076923078,0.5,previous_period
2025-03-06,10,9,4,1,4,4,3,30,35,6859.35,2.0,2.0,3429.675,0.9,0.4444444444444444,0.25,0.4,0.3,4.0,previous_period
2025-03-07,10,7,6,9,6,4,5,28,47,9295.71,3.0,3.0,3098.5699999999997,0.7,0.8571428571428571,1.5,0.6,0.5,0.4444444444444444,previous_period
2025-03-08,5,6,1,1,5,1,3,20,22,1091.6799999999998,2.0,2.0,545.8399999999999,1.2,0.16666666666666666,1.0,1.0,0.6,1.0,previous_period
2025-03-09,13,7,4,6,6,3,3,22,42,11125.15,4.0,4.0,2781.2875,0.5384615384615384,0.5714285714285714,1.5,0.46153846153846156,0.23076923076923078,0.5,previous_period
2025-03-10,7,6,5,4,4,5,4,27,35,5609.62,2.0,2.0,2804.81,0.8571428571428571,0.8333333333333334,0.8,0.5714285714285714,0.5714285714285714,1.25,previous_period
2025-03-11,9,7,1,3,4,3,4,23,31,6679.26,3.0,3.0,2226.42,0.7777777777777778,0.14285714285714285,3.0,0.4444444444444444,0.4444444444444444,1.0,previous_period
2025-03-12,10,5,7,5,5,3,5,19,40,9112.56,3.0,3.0,3037.52,0.5,1.4,0.7142857142857143,0.5,0.5,0.6,previous_period
2025-03-13,11,10,6,5,8,5,4,29,49,5419.370000000001,2.0,2.0,2709.6850000000004,0.9090909090909091,0.6,0.8333333333333334,0.7272727272727273,0.36363636363636365,1.0,previous_period
2025-03-14,8,8,4,3,6,0,1,20,30,3153.04,2.0,2.0,1576.52,1.0,0.5,0.75,0.75,0.125,0.0,previous_period
2025-03-15,5,3,6,4,5,4,3,21,30,5393.81,2.0,2.0,2696.905,0.6,2.0,0.6666666666666666,1.0,0.6,1.0,previous_period
2025-03-16,12,6,8,4,4,4,4,37,42,7870.1,3.0,3.0,2623.366666666667,0.5,1.3333333333333333,0.5,0.3333333333333333,0.3333333333333333,1.0,previous_period
2025-03-17,3,5,5,1,3,4,2,16,23,10441.03,3.0,3.0,3480.3433333333337,1.6666666666666667,1.0,0.2,1.0,0.6666666666666666,4.0,previous_period
2025-03-18,6,2,4,5,2,4,3,16,26,13583.73,5.0,5.0,2716.746,0.3333333333333333,2.0,1.25,0.3333333333333333,0.5,0.8,previous_period
2025-03-19,8,3,4,4,2,4,1,21,26,4154.7,1.0,1.0,4154.7,0.375,1.3333333333333333,1.0,0.25,0.125,1.0,previous_period
2025-03-20,8,7,4,6,5,6,4,24,40,5071.379999999999,2.0,2.0,2535.6899999999996,0.875,0.5714285714285714,1.5,0.625,0.5,1.0,previous_period
2025-03-21,12,8,6,6,5,5,3,27,45,13345.02,5.0,5.0,2669.004,0.6666666666666666,0.75,1.0,0.4166666666666667,0.25,0.8333333333333334,previous_period
2025-03-22,7,9,4,5,8,7,5,26,45,9199.48,4.0,4.0,2299.87,1.2857142857142858,0.4444444444444444,1.25,1.1428571428571428,0.7142857142857143,1.4,previous_period
2025-03-23,5,7,2,7,3,2,4,22,30,22656.41,8.0,8.0,2832.05125,1.4,0.2857142857142857,3.5,0.6,0.8,0.2857142857142857,previous_period
2025-03-24,12,8,6,8,8,2,2,25,46,5511.97,5.0,5.0,1102.394,0.6666666666666666,0.75,1.3333333333333333,0.6666666666666666,0.16666666666666666,0.25,previous_period
2025-03-25,9,6,5,7,8,3,5,30,43,8506.779999999999,4.0,4.0,2126.6949999999997,0.6666666666666666,0.8333333333333334,1.4,0.8888888888888888,0.5555555555555556,0.42857142857142855,previous_period
2025-03-26,8,4,5,4,8,3,1,20,33,8066.22,4.0,4.0,2016.555,0.5,1.25,0.8,1.0,0.125,0.75,previous_period
2025-03-27,11,8,3,1,6,1,6,20,36,8838.79,4.0,4.0,2209.6975,0.7272727272727273,0.375,0.3333333333333333,0.5454545454545454,0.5454545454545454,1.0,previous_period
2025-03-28,10,5,4,8,8,4,3,30,42,7424.99,2.0,2.0,3712.495,0.5,0.8,2.0,0.8,0.3,0.5,previous_period
2025-04-01,8,8,7,4,5,3,1,20,36,10343.08,4.0,4.0,2585.77,1.0,0.875,0.5714285714285714,0.625,0.125,0.75,previous_period
2025-04-02,3,4,1,2,3,2,5,19,20,0.0,0.0,0.0,,1.3333333333333333,0.25,2.0,1.0,1.6666666666666667,1.0,previous_period
2025-04-03,9,8,6,2,8,4,0,26,37,411.2,1.0,1.0,411.2,0.8888888888888888,0.75,0.3333333333333333,0.8888888888888888,0.0,2.0,previous_period
2025-04-04,10,5,4,3,7,2,2,26,33,8680.71,3.0,3.0,2893.5699999999997,0.5,0.8,0.75,0.7,0.2,0.6666666666666666,previous_period
2025-04-05,8,6,3,0,5,2,0,18,24,827.25,2.0,2.0,413.625,0.75,0.5,0.0,0.625,0.0,,previous_period
2025-04-06,7,5,4,2,3,1,4,19,26,10355.24,4.0,4.0,2588.81,0.7142857142857143,0.8,0.5,0.42857142857142855,0.5714285714285714,0.5,previous_period
2025-04-07,6,3,3,2,2,3,5,21,24,11614.39,4.0,4.0,2903.5975,0.5,1.0,0.6666666666666666,0.3333333333333333,0.8333333333333334,1.5,previous_period
2025-04-08,7,9,7,3,6,3,6,21,41,11955.65,6.0,6.0,1992.6083333333333,1.2857142857142858,0.7777777777777778,0.42857142857142855,0.8571428571428571,0.8571428571428571,1.0,previous_period
2025-04-09,9,5,4,3,4,2,2,19,29,9086.51,4.0,4.0,2271.6275,0.5555555555555556,0.8,0.75,0.4444444444444444,0.2222222222222222,0.6666666666666666,previous_period
2025-04-10,11,3,1,2,5,3,1,21,26,4125.37,3.0,3.0,1375.1233333333332,0.2727272727272727,0.3333333333333333,2.0,0.45454545454545453,0.09090909090909091,1.5,previous_period
2025-04-11,3,4,3,2,1,6,5,23,24,4780.04,2.0,2.0,2390.02,1.3333333333333333,0.75,0.6666666666666666,0.3333333333333333,1.6666666666666667,3.0,previous_period
2025-04-12,7,7,8,4,5,2,0,28,33,17436.23,8.0,8.0,2179.52875,1.0,1.1428571428571428,0.5,0.7142857142857143,0.0,0.5,previous_period
2025-04-13,14,10,9,7,11,3,3,35,57,10477.77,4.0,4.0,2619.4425,0.7142857142857143,0.9,0.7777777777777778,0.7857142857142857,0.21428571428571427,0.42857142857142855,previous_period
2025-04-14,9,4,1,4,3,3,2,20,26,10263.09,4.0,4.0,2565.7725,0.4444444444444444,0.25,4.0,0.3333333333333333,0.2222222222222222,0.75,previous_period
2025-04-15,12,6,9,5,5,4,6,32,47,3325.0,1.0,1.0,3325.0,0.5,1.5,0.5555555555555556,0.4166666666666667,0.5,0.8,previous_period
2025-04-16,9,6,2,1,4,3,5,21,30,11288.2,4.0,4.0,2822.05,0.6666666666666666,0.3333333333333333,0.5,0.4444444444444444,0.5555555555555556,3.0,previous_period
2025-04-17,12,9,6,5,8,1,2,23,43,13164.48,6.0,6.0,2194.08,0.75,0.6666666666666666,0.8333333333333334,0.6666666666666666,0.16666666666666666,0.2,previous_period
2025-04-18,8,8,4,6,7,2,3,25,38,0.0,0.0,0.0,,1.0,0.5,1.5,0.875,0.375,0.3333333333333333,previous_period
2025-04-19,10,10,6,5,7,6,3,26,47,5639.1,3.0,3.0,1879.7,1.0,0.6,0.8333333333333334,0.7,0.3,1.2,previous_period
2025-04-20,5,3,2,5,5,1,2,15,23,4729.530000000001,3.0,3.0,1576.5100000000002,0.6,0.6666666666666666,2.5,1.0,0.4,0.2,previous_period
2025-04-21,8,5,2,4,5,4,2,22,30,7860.55,4.0,4.0,1965.1375,0.625,0.4,2.0,0.625,0.25,1.0,previous_period
2025-04-22,7,6,3,3,4,1,1,19,25,1824.69,1.0,1.0,1824.69,0.8571428571428571,0.5,1.0,0.5714285714285714,0.14285714285714285,0.3333333333333333,previous_period
2025-04-23,5,4,6,3,3,3,2,21,26,11229.94,3.0,3.0,3743.3133333333335,0.8,1.5,0.5,0.6,0.4,1.0,previous_period
2025-04-24,6,6,7,5,6,5,2,27,37,10741.39,4.0,4.0,2685.3475,1.0,1.1666666666666667,0.7142857142857143,1.0,0.3333333333333333,1.0,previous_period
2025-04-25,11,7,5,3,9,2,2,26,39,10100.99,5.0,5.0,2020.1979999999999,0.6363636363636364,0.7142857142857143,0.6,0.8181818181818182,0.18181818181818182,0.6666666666666666,previous_period
2025-04-26,6,7,2,2,4,3,2,18,26,10981.21,5.0,5.0,2196.2419999999997,1.1666666666666667,0.2857142857142857,1.0,0.6666666666666666,0.3333333333333333,1.5,previous_period
2025-04-27,10,10,7,4,7,1,2,25,41,13408.59,6.0,6.0,2234.765,1.0,0.7,0.5714285714285714,0.7,0.2,0.25,previous_period
2025-04-28,6,10,2,3,4,2,2,22,29,6118.37,2.0,2.0,3059.185,1.6666666666666667,0.2,1.5,0.6666666666666666,0.3333333333333333,0.6666666666666666,previous_period
2025-05-01,6,4,5,2,6,4,4,22,31,15277.17,4.0,4.0,3819.2925,0.6666666666666666,1.25,0.4,1.0,0.6666666666666666,2.0,previous_period
2025-05-02,5,4,4,0,6,4,2,18,25,13878.47,7.0,7.0,1982.6385714285714,0.8,1.0,0.0,1.2,0.4,,previous_period
2025-05-03,17,8,5,9,6,2,2,26,49,4560.03,1.0,1.0,4560.03,0.47058823529411764,0.625,1.8,0.35294117647058826,0.11764705882352941,0.2222222222222222,previous_period
2025-05-04,9,10,6,3,4,5,3,24,40,4168.59,2.0,2.0,2084.295,1.1111111111111112,0.6,0.5,0.4444444444444444,0.3333333333333333,1.6666666666666667,previous_period
2025-05-05,6,6,5,5,2,3,3,22,30,3253.34,1.0,1.0,3253.34,1.0,0.8333333333333334,1.0,0.3333333333333333,0.5,0.6,previous_period
2025-05-06,5,3,2,2,1,0,4,17,17,18346.55,6.0,6.0,3057.758333333333,0.6,0.6666666666666666,1.0,0.2,0.8,0.0,previous_period
2025-05-07,9,9,3,3,6,5,4,24,39,4408.18,2.0,2.0,2204.09,1.0,0.3333333333333333,1.0,0.6666666666666666,0.4444444444444444,1.6666666666666667,previous_period
2025-05-08,5,5,4,0,4,0,3,18,21,7532.450000000001,4.0,4.0,1883.1125000000002,1.0,0.8,0.0,0.8,0.6,,previous_period
2025-05-09,10,10,3,2,6,4,4,31,39,7436.22,3.0,3.0,2478.7400000000002,1.0,0.3,0.6666666666666666,0.6,0.4,2.0,previous_period
2025-05-10,12,8,5,2,8,2,3,26,40,4693.04,2.0,2.0,2346.52,0.6666666666666666,0.625,0.4,0.6666666666666666,0.25,1.0,previous_period
2025-05-11,6,5,2,2,5,2,3,20,25,1739.39,1.0,1.0,1739.39,0.8333333333333334,0.4,1.0,0.8333333333333334,0.5,1.0,previous_period
2025-05-12,8,6,6,3,6,4,4,23,37,4461.02,1.0,1.0,4461.02,0.75,1.0,0.5,0.75,0.5,1.3333333333333333,previous_period
2025-05-13,7,3,8,5,3,3,2,24,31,12639.65,5.0,5.0,2527.93,0.42857142857142855,2.6666666666666665,0.625,0.42857142857142855,0.2857142857142857,0.6,previous_period
2025-05-14,6,5,3,2,2,3,5,24,26,1743.32,1.0,1.0,1743.32,0.8333333333333334,0.6,0.6666666666666666,0.3333333333333333,0.8333333333333334,1.5,previous_period
2025-05-15,8,4,3,5,5,3,1,21,29,3541.41,2.0,2.0,1770.705,0.5,0.75,1.6666666666666667,0.625,0.125,0.6,previous_period
2025-05-16,5,5,6,3,4,3,1,25,27,0.0,0.0,0.0,,1.0,1.2,0.5,0.8,0.2,1.0,previous_period
2025-05-17,9,5,4,5,5,2,3,21,33,15979.5,5.0,5.0,3195.9,0.5555555555555556,0.8,1.25,0.5555555555555556,0.3333333333333333,0.4,previous_period
2025-05-18,5,5,4,1,6,1,1,17,23,9900.69,3.0,3.0,3300.23,1.0,0.8,0.25,1.2,0.2,1.0,previous_period
2025-05-19,13,12,6,6,12,4,2,34,55,9628.85,2.0,2.0,4814.425,0.9230769230769231,0.5,1.0,0.9230769230769231,0.15384615384615385,0.6666666666666666,previous_period
2025-05-20,9,7,5,3,9,2,3,31,38,13869.4,4.0,4.0,3467.35,0.7777777777777778,0.7142857142857143,0.6,1.0,0.3333333333333333,0.6666666666666666,previous_period
2025-05-21,10,6,9,4,10,5,8,34,52,14889.64,6.0,6.0,2481.6066666666666,0.6,1.5,0.4444444444444444,1.0,0.8,1.25,previous_period
2025-05-22,9,6,6,3,1,6,1,30,32,2157.64,1.0,1.0,2157.64,0.6666666666666666,1.0,0.5,0.1111111111111111,0.1111111111111111,2.0,previous_period
2025-05-23,6,8,3,0,2,3,4,22,26,753.59,1.0,1.0,753.59,1.3333333333333333,0.375,0.0,0.3333333333333333,0.6666666666666666,,previous_period
2025-05-24,5,3,4,3,5,2,4,20,26,6819.99,3.0,3.0,2273.33,0.6,1.3333333333333333,0.75,1.0,0.8,0.6666666666666666,previous_period
2025-05-25,4,4,3,1,4,7,3,22,26,15953.0,5.0,5.0,3190.6,1.0,0.75,0.3333333333333333,1.0,0.75,7.0,previous_period
2025-05-26,6,7,5,2,5,3,2,24,30,6217.33,2.0,2.0,3108.665,1.1666666666666667,0.7142857142857143,0.4,0.8333333333333334,0.3333333333333333,1.5,previous_period
2025-05-27,9,3,4,4,4,5,2,20,31,13607.51,6.0,6.0,2267.9183333333335,0.3333333333333333,1.3333333333333333,1.0,0.4444444444444444,0.2222222222222222,1.25,previous_period
2025-05-28,12,8,4,3,8,2,3,28,40,10034.68,3.0,3.0,3344.8933333333334,0.6666666666666666,0.5,0.75,0.6666666666666666,0.25,0.6666666666666666,previous_period
2025-06-01,7,6,5,5,6,2,3,28,34,3344.18,2.0,2.0,1672.09,0.8571428571428571,0.8333333333333334,1.0,0.8571428571428571,0.42857142857142855,0.4,previous_period
2025-06-02,17,12,6,4,7,2,4,27,52,12095.77,5.0,5.0,2419.154,0.7058823529411765,0.5,0.6666666666666666,0.4117647058823529,0.23529411764705882,0.5,previous_period
2025-06-03,10,4,4,3,6,1,1,20,29,3669.04,2.0,2.0,1834.52,0.4,1.0,0.75,0.6,0.1,0.3333333333333333,previous_period
2025-06-04,6,9,4,5,5,5,2,25,36,3149.67,1.0,1.0,3149.67,1.5,0.4444444444444444,1.25,0.8333333333333334,0.3333333333333333,1.0,previous_period
2025-06-05,9,4,4,4,5,4,1,23,31,1342.7600000000002,3.0,3.0,447.58666666666676,0.4444444444444444,1.0,1.0,0.5555555555555556,0.1111111111111111,1.0,previous_period
2025-06-06,9,6,6,2,8,3,3,23,37,21869.29,7.0,7.0,3124.184285714286,0.6666666666666666,1.0,0.3333333333333333,0.8888888888888888,0.3333333333333333,1.5,previous_period
2025-06-07,2,6,1,3,2,1,2,14,17,14256.53,5.0,5.0,2851.306,3.0,0.16666666666666666,3.0,1.0,1.0,0.3333333333333333,previous_period
2025-06-08,12,7,6,6,6,3,1,33,41,1161.6000000000001,2.0,2.0,580.8000000000001,0.5833333333333334,0.8571428571428571,1.0,0.5,0.08333333333333333,0.5,previous_period
2025-06-09,10,9,4,4,4,3,3,25,37,5938.2,2.0,2.0,2969.1,0.9,0.4444444444444444,1.0,0.4,0.3,0.75,previous_period
2025-06-10,9,10,8,4,8,2,2,31,43,1761.38,2.0,2.0,880.69,1.1111111111111112,0.8,0.5,0.8888888888888888,0.2222222222222222,0.5,previous_period
2025-06-11,8,7,8,7,3,4,2,32,39,5353.39,2.0,2.0,2676.695,0.875,1.1428571428571428,0.875,0.375,0.25,0.5714285714285714,previous_period
2025-06-12,6,8,3,2,4,2,2,21,27,14938.310000000001,7.0,7.0,2134.0442857142857,1.3333333333333333,0.375,0.6666666666666666,0.6666666666666666,0.3333333333333333,1.0,previous_period
2025-06-13,14,9,9,5,6,3,1,27,47,10252.07,3.0,3.0,3417.3566666666666,0.6428571428571429,1.0,0.5555555555555556,0.42857142857142855,0.07142857142857142,0.6,previous_period
2025-06-14,9,4,2,2,2,4,3,20,26,17006.5,5.0,5.0,3401.3,0.4444444444444444,0.5,1.0,0.2222222222222222,0.3333333333333333,2.0,previous_period
2025-06-15,8,4,2,4,7,2,0,24,27,14526.55,5.0,5.0,2905.31,0.5,0.5,2.0,0.875,0.0,0.5,previous_period
2025-06-16,14,10,7,5,7,4,2,29,49,1793.92,2.0,2.0,896.96,0.7142857142857143,0.7,0.7142857142857143,0.5,0.14285714285714285,0.8,previous_period
2025-06-17,4,3,5,2,5,0,4,17,23,4505.07,3.0,3.0,1501.6899999999998,0.75,1.6666666666666667,0.4,1.25,1.0,0.0,previous_period
2025-06-18,4,3,5,7,4,4,2,23,29,8304.11,2.0,2.0,4152.055,0.75,1.6666666666666667,1.4,1.0,0.5,0.5714285714285714,previous_period
2025-06-19,7,3,3,4,3,3,2,20,25,9166.310000000001,2.0,2.0,4583.155000000001,0.42857142857142855,1.0,1.3333333333333333,0.42857142857142855,0.2857142857142857,0.75,previous_period
2025-06-20,8,6,5,0,5,4,1,19,29,13298.630000000001,4.0,4.0,3324.6575000000003,0.75,0.8333333333333334,0.0,0.625,0.125,,previous_period
2025-06-21,6,9,3,4,8,4,1,24,35,5524.5199999999995,4.0,4.0,1381.1299999999999,1.5,0.3333333333333333,1.3333333333333333,1.3333333333333333,0.16666666666666666,1.0,previous_period
2025-06-22,5,5,4,7,2,8,5,30,36,13626.82,4.0,4.0,3406.705,1.0,0.8,1.75,0.4,1.0,1.1428571428571428,previous_period
2025-06-23,12,7,6,6,9,7,4,32,51,5995.0,2.0,2.0,2997.5,0.5833333333333334,0.8571428571428571,1.0,0.75,0.3333333333333333,1.1666666666666667,previous_period
2025-06-24,10,3,8,2,0,3,3,27,29,7815.55,4.0,4.0,1953.8875,0.3,2.6666666666666665,0.25,0.0,0.3,1.5,previous_period
2025-06-25,11,8,4,3,7,0,4,24,37,4408.81,1.0,1.0,4408.81,0.7272727272727273,0.5,0.75,0.6363636363636364,0.36363636363636365,0.0,previous_period
2025-06-26,8,7,3,2,10,3,0,19,33,9294.86,3.0,3.0,3098.286666666667,0.875,0.42857142857142855,0.6666666666666666,1.25,0.0,1.5,previous_period
2025-06-27,11,5,7,2,5,1,3,24,34,352.91,1.0,1.0,352.91,0.45454545454545453,1.4,0.2857142857142857,0.45454545454545453,0.2727272727272727,0.5,previous_period
2025-06-28,8,4,5,5,6,4,3,23,35,4395.07,2.0,2.0,2197.535,0.5,1.25,1.0,0.75,0.375,0.8,previous_period
2025-07-01,10,8,5,3,8,4,4,22,42,1157.71,1.0,1.0,1157.71,0.8,0.625,0.6,0.8,0.4,1.3333333333333333,previous_period
2025-07-02,4,2,2,5,4,2,3,21,22,5625.2,2.0,2.0,2812.6,0.5,1.0,2.5,1.0,0.75,0.4,previous_period
2025-07-03,10,7,7,3,9,7,2,23,45,6826.05,3.0,3.0,2275.35,0.7,1.0,0.42857142857142855,0.9,0.2,2.3333333333333335,previous_period
2025-07-04,7,3,5,3,3,6,1,22,28,6131.97,2.0,2.0,3065.985,0.42857142857142855,1.6666666666666667,0.6,0.42857142857142855,0.14285714285714285,2.0,previous_period
2025-07-05,6,3,3,2,2,2,2,19,20,6358.27,2.0,2.0,3179.135,0.5,1.0,0.6666666666666666,0.3333333333333333,0.3333333333333333,1.0,previous_period
2025-07-06,10,7,11,10,10,6,4,33,58,4520.11,1.0,1.0,4520.11,0.7,1.5714285714285714,0.9090909090909091,1.0,0.4,0.6,previous_period
2025-07-07,10,5,3,3,4,2,3,24,30,2470.21,1.0,1.0,2470.21,0.5,0.6,1.0,0.4,0.3,0.6666666666666666,previous_period
2025-07-08,7,3,6,4,4,3,4,20,31,7787.35,2.0,2.0,3893.675,0.42857142857142855,2.0,0.6666666666666666,0.5714285714285714,0.5714285714285714,0.75,previous_period
2025-07-09,12,11,5,5,4,4,3,28,44,12207.43,4.0,4.0,3051.8575,0.9166666666666666,0.45454545454545453,1.0,0.3333333333333333,0.25,0.8,previous_period
2025-07-10,6,5,3,3,6,1,6,21,30,18745.37,7.0,7.0,2677.91,0.8333333333333334,0.6,1.0,1.0,1.0,0.3333333333333333,previous_period
2025-07-11,12,8,11,4,8,5,2,28,50,8352.13,3.0,3.0,2784.043333333333,0.6666666666666666,1.375,0.36363636363636365,0.6666666666666666,0.16666666666666666,1.25,previous_period
2025-07-12,8,7,5,4,6,3,4,27,37,9164.69,6.0,6.0,1527.4483333333335,0.875,0.7142857142857143,0.8,0.75,0.5,0.75,previous_period
2025-07-13,15,7,2,5,6,2,2,24,39,16057.07,6.0,6.0,2676.1783333333333,0.4666666666666667,0.2857142857142857,2.5,0.4,0.13333333333333333,0.4,previous_period
2025-07-14,11,6,8,2,6,2,2,26,37,6373.05,2.0,2.0,3186.525,0.5454545454545454,1.3333333333333333,0.25,0.5454545454545454,0.18181818181818182,1.0,previous_period
2025-07-15,7,7,2,2,6,3,2,25,29,4068.37,2.0,2.0,2034.185,1.0,0.2857142857142857,1.0,0.8571428571428571,0.2857142857142857,1.5,previous_period
2025-07-16,9,3,6,4,3,6,3,25,34,5898.65,3.0,3.0,1966.2166666666665,0.3333333333333333,2.0,0.6666666666666666,0.3333333333333333,0.3333333333333333,1.5,previous_period
2025-07-17,10,8,2,6,4,3,4,26,37,8559.4,5.0,5.0,1711.8799999999999,0.8,0.25,3.0,0.4,0.4,0.5,previous_period
2025-07-18,8,6,3,7,6,1,1,25,32,15813.57,7.0,7.0,2259.0814285714287,0.75,0.5,2.3333333333333335,0.75,0.125,0.14285714285714285,previous_period
2025-07-19,6,5,5,6,4,2,4,29,32,3609.35,1.0,1.0,3609.35,0.8333333333333334,1.0,1.2,0.6666666666666666,0.6666666666666666,0.3333333333333333,previous_period
2025-07-20,9,7,3,2,7,2,3,24,33,7391.25,2.0,2.0,3695.625,0.7777777777777778,0.42857142857142855,0.6666666666666666,0.7777777777777778,0.3333333333333333,1.0,previous_period
2025-07-21,5,5,5,4,3,3,3,24,28,8198.52,3.0,3.0,2732.84,1.0,1.0,0.8,0.6,0.6,0.75,previous_period
2025-07-22,9,4,6,5,6,2,4,21,36,6440.93,2.0,2.0,3220.465,0.4444444444444444,1.5,0.8333333333333334,0.6666666666666666,0.4444444444444444,0.4,previous_period
2025-07-23,9,6,1,4,2,0,3,24,25,8295.34,4.0,4.0,2073.835,0.6666666666666666,0.16666666666666666,4.0,0.2222222222222222,0.3333333333333333,0.0,previous_period
2025-07-24,9,9,4,5,5,4,3,23,39,16472.24,7.0,7.0,2353.1771428571433,1.0,0.4444444444444444,1.25,0.5555555555555556,0.3333333333333333,0.8,previous_period
2025-07-25,10,10,4,5,6,4,2,30,41,5929.28,3.0,3.0,1976.4266666666665,1.0,0.4,1.25,0.6,0.2,0.8,previous_period
2025-07-26,14,12,7,1,6,3,1,33,44,6621.42,2.0,2.0,3310.71,0.8571428571428571,0.5833333333333334,0.14285714285714285,0.42857142857142855,0.07142857142857142,3.0,previous_period
2025-07-27,4,4,4,8,3,3,2,22,28,7163.8099999999995,3.0,3.0,2387.9366666666665,1.0,1.0,2.0,0.75,0.5,0.375,previous_period
2025-07-28,5,3,2,2,5,1,2,12,20,9109.9,3.0,3.0,3036.633333333333,0.6,0.6666666666666666,1.0,1.0,0.4,0.5,previous_period
2025-08-01,8,5,3,0,4,1,4,19,25,12315.92,4.0,4.0,3078.98,0.625,0.6,0.0,0.5,0.5,,previous_period
2025-08-02,7,4,1,3,0,2,3,18,20,778.66,1.0,1.0,778.66,0.5714285714285714,0.25,3.0,0.0,0.42857142857142855,0.6666666666666666,previous_period
2025-08-03,5,4,3,4,3,3,5,23,27,5996.6900000000005,3.0,3.0,1998.8966666666668,0.8,0.75,1.3333333333333333,0.6,1.0,0.75,previous_period
2025-08-04,6,3,4,2,6,4,2,19,27,8951.83,4.0,4.0,2237.9575,0.5,1.3333333333333333,0.5,1.0,0.3333333333333333,2.0,previous_period
2025-08-05,4,3,3,5,4,2,5,18,26,17511.02,6.0,6.0,2918.5033333333336,0.75,1.0,1.6666666666666667,1.0,1.25,0.4,previous_period
2025-08-06,7,4,6,1,6,3,3,23,30,10651.39,4.0,4.0,2662.8475,0.5714285714285714,1.5,0.16666666666666666,0.8571428571428571,0.42857142857142855,3.0,previous_period
2025-08-07,9,6,5,0,5,3,1,24,29,11243.7,4.0,4.0,2810.925,0.6666666666666666,0.8333333333333334,0.0,0.5555555555555556,0.1111111111111111,,previous_period
2025-08-08,11,7,5,5,7,9,1,29,45,5191.29,2.0,2.0,2595.645,0.6363636363636364,0.7142857142857143,1.0,0.6363636363636364,0.09090909090909091,1.8,previous_period
2025-08-09,9,7,5,4,7,5,0,23,37,12312.56,3.0,3.0,4104.1866666666665,0.7777777777777778,0.7142857142857143,0.8,0.7777777777777778,0.0,1.25,previous_period
2025-08-10,7,4,3,2,5,5,3,24,29,5930.39,3.0,3.0,1976.7966666666669,0.5714285714285714,0.75,0.6666666666666666,0.7142857142857143,0.42857142857142855,2.5,previous_period
2025-08-11,7,3,2,4,2,3,3,20,24,15371.27,6.0,6.0,2561.8783333333336,0.42857142857142855,0.6666666666666666,2.0,0.2857142857142857,0.42857142857142855,0.75,previous_period
2025-08-12,7,8,5,4,4,3,0,23,31,12412.92,4.0,4.0,3103.23,1.1428571428571428,0.625,0.8,0.5714285714285714,0.0,0.75,previous_period
2025-08-13,9,7,6,6,7,2,5,25,42,17242.35,6.0,6.0,2873.725,0.7777777777777778,0.8571428571428571,1.0,0.7777777777777778,0.5555555555555556,0.3333333333333333,previous_period
2025-08-14,8,5,5,2,5,0,1,21,26,12340.05,4.0,4.0,3085.0125,0.625,1.0,0.4,0.625,0.125,0.0,previous_period
2025-08-15,12,5,4,4,2,7,3,33,37,0.0,0.0,0.0,,0.4166666666666667,0.8,1.0,0.16666666666666666,0.25,1.75,previous_period
2025-08-16,9,8,4,5,10,4,1,17,41,12438.05,4.0,4.0,3109.5125,0.8888888888888888,0.5,1.25,1.1111111111111112,0.1111111111111111,0.8,previous_period
2025-08-17,10,9,3,4,3,4,2,24,35,298.61,1.0,1.0,298.61,0.9,0.3333333333333333,1.3333333333333333,0.3,0.2,1.0,previous_period
2025-08-18,9,7,3,3,2,1,5,25,30,6114.629999999999,3.0,3.0,2038.2099999999998,0.7777777777777778,0.42857142857142855,1.0,0.2222222222222222,0.5555555555555556,0.3333333333333333,previous_period
2025-08-19,10,4,3,2,3,2,0,18,24,8442.91,3.0,3.0,2814.3033333333333,0.4,0.75,0.6666666666666666,0.3,0.0,1.0,previous_period
2025-08-20,5,6,3,5,5,3,2,27,29,7605.8099999999995,3.0,3.0,2535.27,1.2,0.5,1.6666666666666667,1.0,0.4,0.6,previous_period
2025-08-21,9,7,1,4,5,2,3,22,31,6502.46,3.0,3.0,2167.4866666666667,0.7777777777777778,0.14285714285714285,4.0,0.5555555555555556,0.3333333333333333,0.5,previous_period
2025-08-22,3,1,2,0,2,4,2,14,14,1574.02,1.0,1.0,1574.02,0.3333333333333333,2.0,0.0,0.6666666666666666,0.6666666666666666,,previous_period
2025-08-23,10,9,5,4,7,3,0,26,38,10863.71,4.0,4.0,2715.9275,0.9,0.5555555555555556,0.8,0.7,0.0,0.75,previous_period
2025-08-24,8,6,4,2,6,4,5,23,35,2961.88,1.0,1.0,2961.88,0.75,0.6666666666666666,0.5,0.75,0.625,2.0,previous_period
2025-08-25,10,7,4,2,4,0,2,18,29,11302.96,5.0,5.0,2260.5919999999996,0.7,0.5714285714285714,0.5,0.4,0.2,0.0,previous_period
2025-08-26,8,4,4,3,2,2,4,24,27,13642.0,5.0,5.0,2728.4,0.5,1.0,0.75,0.25,0.5,0.6666666666666666,previous_period
2025-08-27,6,6,4,5,4,1,1,18,27,3153.91,1.0,1.0,3153.91,1.0,0.6666666666666666,1.25,0.6666666666666666,0.16666666666666666,0.2,previous_period
2025-08-28,5,1,1,2,5,7,0,19,21,0.0,0.0,0.0,,0.2,1.0,2.0,1.0,0.0,3.5,previous_period
2025-09-01,13,10,5,2,7,6,2,27,45,9022.24,3.0,3.0,3007.4133333333334,0.7692307692307693,0.5,0.4,0.5384615384615384,0.15384615384615385,3.0,previous_period
2025-09-02,10,7,3,3,4,2,2,26,31,9292.25,3.0,3.0,3097.4166666666665,0.7,0.42857142857142855,1.0,0.4,0.2,0.6666666666666666,previous_period
2025-09-03,11,11,9,6,14,6,3,35,60,10429.0,5.0,5.0,2085.8,1.0,0.8181818181818182,0.6666666666666666,1.2727272727272727,0.2727272727272727,1.0,previous_period
2025-09-04,4,3,3,4,8,5,2,23,29,8199.18,3.0,3.0,2733.06,0.75,1.0,1.3333333333333333,2.0,0.5,1.25,previous_period
2025-09-05,12,6,7,1,5,4,2,30,37,0.0,0.0,0.0,,0.5,1.1666666666666667,0.14285714285714285,0.4166666666666667,0.16666666666666666,4.0,previous_period
2025-09-06,7,5,1,7,6,4,0,23,30,7597.74,5.0,5.0,1519.548,0.7142857142857143,0.2,7.0,0.8571428571428571,0.0,0.5714285714285714,previous_period
2025-09-07,6,6,2,2,6,3,0,19,25,7884.620000000001,2.0,2.0,3942.3100000000004,1.0,0.3333333333333333,1.0,1.0,0.0,1.5,previous_period
2025-09-08,10,9,2,4,5,3,3,22,36,8128.96,3.0,3.0,2709.653333333333,0.9,0.2222222222222222,2.0,0.5,0.3,0.75,previous_period
2025-09-09,9,8,1,4,3,4,4,28,33,1220.48,1.0,1.0,1220.48,0.8888888888888888,0.125,4.0,0.3333333333333333,0.4444444444444444,1.0,previous_period
2025-09-10,6,5,1,4,2,3,3,23,24,8904.25,3.0,3.0,2968.0833333333335,0.8333333333333334,0.2,4.0,0.3333333333333333,0.5,0.75,previous_period
2025-09-11,9,8,5,2,7,4,4,23,39,17356.93,6.0,6.0,2892.8216666666667,0.8888888888888888,0.625,0.4,0.7777777777777778,0.4444444444444444,2.0,previous_period
2025-09-12,12,9,6,2,6,1,2,23,38,7605.41,4.0,4.0,1901.3525,0.75,0.6666666666666666,0.3333333333333333,0.5,0.16666666666666666,0.5,previous_period
2025-09-13,7,7,4,6,4,1,2,19,31,6873.78,3.0,3.0,2291.2599999999998,1.0,0.5714285714285714,1.5,0.5714285714285714,0.2857142857142857,0.16666666666666666,previous_period
2025-09-14,8,4,5,2,3,3,5,25,30,2678.09,1.0,1.0,2678.09,0.5,1.25,0.4,0.375,0.625,1.5,previous_period
2025-09-15,6,4,2,5,3,1,3,14,24,15596.960000000001,4.0,4.0,3899.2400000000002,0.6666666666666666,0.5,2.5,0.5,0.5,0.2,previous_period
2025-09-16,8,10,5,8,6,7,3,31,47,13501.9,4.0,4.0,3375.475,1.25,0.5,1.6,0.75,0.375,0.875,previous_period
2025-09-17,7,5,5,2,5,5,3,26,32,15808.52,6.0,6.0,2634.7533333333336,0.7142857142857143,1.0,0.4,0.7142857142857143,0.42857142857142855,2.5,previous_period
2025-09-18,9,6,2,4,4,3,3,22,31,7449.6900000000005,4.0,4.0,1862.4225000000001,0.6666666666666666,0.3333333333333333,2.0,0.4444444444444444,0.3333333333333333,0.75,previous_period
2025-09-19,12,7,4,5,4,2,3,23,37,9900.02,4.0,4.0,2475.005,0.5833333333333334,0.5714285714285714,1.25,0.3333333333333333,0.25,0.4,previous_period
2025-09-20,8,7,6,4,5,3,2,26,35,5967.200000000001,3.0,3.0,1989.0666666666668,0.875,0.8571428571428571,0.6666666666666666,0.625,0.25,0.75,previous_period
2025-09-21,7,4,2,5,2,5,2,24,27,11441.08,4.0,4.0,2860.27,0.5714285714285714,0.5,2.5,0.2857142857142857,0.2857142857142857,1.0,previous_period
2025-09-22,11,7,8,6,5,5,5,23,47,5282.05,3.0,3.0,1760.6833333333334,0.6363636363636364,1.1428571428571428,0.75,0.45454545454545453,0.45454545454545453,0.8333333333333334,previous_period
2025-09-23,3,2,4,0,4,1,1,15,15,1390.74,1.0,1.0,1390.74,0.6666666666666666,2.0,0.0,1.3333333333333333,0.3333333333333333,,previous_period
2025-09-24,11,8,4,4,5,2,4,30,38,10183.119999999999,3.0,3.0,3394.373333333333,0.7272727272727273,0.5,1.0,0.45454545454545453,0.36363636363636365,0.5,previous_period
2025-09-25,7,4,2,3,2,4,1,18,23,6908.13,2.0,2.0,3454.065,0.5714285714285714,0.5,1.5,0.2857142857142857,0.14285714285714285,1.3333333333333333,previous_period
2025-09-26,10,10,5,5,9,2,4,26,45,15953.050000000001,7.0,7.0,2279.007142857143,1.0,0.5,1.0,0.9,0.4,0.4,previous_period
2025-09-27,9,5,4,5,3,5,2,26,33,11767.24,4.0,4.0,2941.81,0.5555555555555556,0.8,1.25,0.3333333333333333,0.2222222222222222,1.0,previous_period
2025-09-28,7,6,4,3,3,0,5,25,28,10066.36,5.0,5.0,2013.2720000000002,0.8571428571428571,0.6666666666666666,0.75,0.42857142857142855,0.7142857142857143,0.0,previous_period
2025-10-01,13,12,5,4,9,5,1,33,49,8545.56,4.0,4.0,2136.39,0.9230769230769231,0.4166666666666667,0.8,0.6923076923076923,0.07692307692307693,1.25,previous_period
2025-10-02,10,6,3,0,6,2,4,23,31,732.39,1.0,1.0,732.39,0.6,0.5,0.0,0.6,0.4,,previous_period
2025-10-03,7,7,5,12,5,3,2,32,41,8142.17,2.0,2.0,4071.085,1.0,0.7142857142857143,2.4,0.7142857142857143,0.2857142857142857,0.25,previous_period
2025-10-04,9,6,5,2,3,1,1,22,27,6146.04,2.0,2.0,3073.02,0.6666666666666666,0.8333333333333334,0.4,0.3333333333333333,0.1111111111111111,0.5,previous_period
2025-10-05,9,5,6,4,8,2,3,25,37,15641.7,5.0,5.0,3128.34,0.5555555555555556,1.2,0.6666666666666666,0.8888888888888888,0.3333333333333333,0.5,previous_period
2025-10-06,12,9,6,5,7,4,5,32,48,7458.64,3.0,3.0,2486.2133333333336,0.75,0.6666666666666666,0.8333333333333334,0.5833333333333334,0.4166666666666667,0.8,previous_period
2025-10-07,7,3,5,4,2,5,6,27,32,0.0,0.0,0.0,,0.42857142857142855,1.6666666666666667,0.8,0.2857142857142857,0.8571428571428571,1.25,previous_period
2025-10-08,6,3,2,3,3,1,3,14,21,10465.51,4.0,4.0,2616.3775,0.5,0.6666666666666666,1.5,0.5,0.5,0.3333333333333333,previous_period
2025-10-09,13,15,5,5,8,4,2,26,52,10924.649999999998,3.0,3.0,3641.5499999999993,1.1538461538461537,0.3333333333333333,1.0,0.6153846153846154,0.15384615384615385,0.8,previous_period
2025-10-10,9,5,4,3,1,3,2,22,27,13273.59,4.0,4.0,3318.3975,0.5555555555555556,0.8,0.75,0.1111111111111111,0.2222222222222222,1.0,previous_period
2025-10-11,6,5,1,3,3,1,1,10,20,6062.99,2.0,2.0,3031.495,0.8333333333333334,0.2,3.0,0.5,0.16666666666666666,0.3333333333333333,previous_period
2025-10-12,5,2,4,2,2,0,4,15,19,7242.46,3.0,3.0,2414.153333333333,0.4,2.0,0.5,0.4,0.8,0.0,previous_period
2025-10-13,10,9,3,1,5,3,3,21,34,21323.08,7.0,7.0,3046.154285714286,0.9,0.3333333333333333,0.3333333333333333,0.5,0.3,3.0,previous_period
2025-10-14,15,6,6,3,5,0,5,29,40,14611.62,5.0,5.0,2922.324,0.4,1.0,0.5,0.3333333333333333,0.3333333333333333,0.0,previous_period
2025-10-15,12,9,2,6,6,4,1,27,40,2912.73,3.0,3.0,970.91,0.75,0.2222222222222222,3.0,0.5,0.08333333333333333,0.6666666666666666,previous_period
2025-10-16,9,9,4,3,5,1,2,26,33,5902.48,2.0,2.0,2951.24,1.0,0.4444444444444444,0.75,0.5555555555555556,0.2222222222222222,0.3333333333333333,previous_period
2025-10-17,5,3,4,3,2,3,5,25,25,5790.64,2.0,2.0,2895.32,0.6,1.3333333333333333,0.75,0.4,1.0,1.0,previous_period
2025-10-18,8,7,6,4,6,5,3,28,39,12584.699999999999,6.0,6.0,2097.45,0.875,0.8571428571428571,0.6666666666666666,0.75,0.375,1.25,previous_period
2025-10-19,11,9,5,5,7,6,4,32,47,7087.33,2.0,2.0,3543.665,0.8181818181818182,0.5555555555555556,1.0,0.6363636363636364,0.36363636363636365,1.2,previous_period
2025-10-20,7,6,8,3,5,2,4,24,35,6162.280000000001,2.0,2.0,3081.1400000000003,0.8571428571428571,1.3333333333333333,0.375,0.7142857142857143,0.5714285714285714,0.6666666666666666,previous_period
2025-10-21,10,5,3,2,5,1,3,23,29,9712.96,3.0,3.0,3237.653333333333,0.5,0.6,0.6666666666666666,0.5,0.3,0.5,previous_period
2025-10-22,10,7,3,3,3,2,1,19,29,5781.1,3.0,3.0,1927.0333333333335,0.7,0.42857142857142855,1.0,0.3,0.1,0.6666666666666666,previous_period
2025-10-23,6,5,1,3,4,6,3,17,28,4601.73,3.0,3.0,1533.9099999999999,0.8333333333333334,0.2,3.0,0.6666666666666666,0.5,2.0,previous_period
2025-10-24,6,6,3,4,5,3,3,24,30,11785.8,3.0,3.0,3928.6,1.0,0.5,1.3333333333333333,0.8333333333333334,0.5,0.75,previous_period
2025-10-25,12,6,6,5,7,3,4,20,43,19839.12,6.0,6.0,3306.52,0.5,1.0,0.8333333333333334,0.5833333333333334,0.3333333333333333,0.6,previous_period
2025-10-26,15,9,9,5,9,4,6,29,57,3175.31,1.0,1.0,3175.31,0.6,1.0,0.5555555555555556,0.6,0.4,0.8,previous_period
2025-10-27,10,6,4,3,3,1,4,24,31,24120.38,7.0,7.0,3445.7685714285717,0.6,0.6666666666666666,0.75,0.3,0.4,0.3333333333333333,previous_period
2025-10-28,5,6,6,3,6,2,1,19,29,2629.44,2.0,2.0,1314.72,1.2,1.0,0.5,1.2,0.2,0.6666666666666666,previous_period
2025-11-01,8,8,2,1,2,1,3,18,25,3901.8900000000003,2.0,2.0,1950.9450000000002,1.0,0.25,0.5,0.25,0.375,1.0,previous_period
2025-11-02,14,11,7,3,5,0,1,28,41,6732.96,2.0,2.0,3366.48,0.7857142857142857,0.6363636363636364,0.42857142857142855,0.35714285714285715,0.07142857142857142,0.0,previous_period
2025-11-03,12,6,5,5,4,3,3,31,38,0.0,0.0,0.0,,0.5,0.8333333333333334,1.0,0.3333333333333333,0.25,0.6,previous_period
2025-11-04,8,5,3,5,4,4,2,22,31,6151.1,2.0,2.0,3075.55,0.625,0.6,1.6666666666666667,0.5,0.25,0.8,previous_period
2025-11-05,4,6,2,8,5,1,4,23,30,12009.97,6.0,6.0,2001.6616666666666,1.5,0.3333333333333333,4.0,1.25,1.0,0.125,previous_period
2025-11-06,10,7,2,4,4,3,2,23,32,14504.86,5.0,5.0,2900.972,0.7,0.2857142857142857,2.0,0.4,0.2,0.75,previous_period
2025-11-07,12,11,7,4,7,4,6,26,51,8300.86,3.0,3.0,2766.9533333333334,0.9166666666666666,0.6363636363636364,0.5714285714285714,0.5833333333333334,0.5,1.0,previous_period
2025-11-08,7,6,6,3,6,2,4,18,34,6237.88,3.0,3.0,2079.2933333333335,0.8571428571428571,1.0,0.5,0.8571428571428571,0.5714285714285714,0.6666666666666666,previous_period
2025-11-09,6,5,4,4,4,1,3,15,27,5217.74,3.0,3.0,1739.2466666666667,0.8333333333333334,0.8,1.0,0.6666666666666666,0.5,0.25,previous_period
2025-11-10,7,2,4,4,6,5,1,18,29,9426.4,3.0,3.0,3142.133333333333,0.2857142857142857,2.0,1.0,0.8571428571428571,0.14285714285714285,1.25,previous_period
2025-11-11,13,5,6,2,3,7,3,24,39,12920.18,5.0,5.0,2584.036,0.38461538461538464,1.2,0.3333333333333333,0.23076923076923078,0.23076923076923078,3.5,previous_period
2025-11-12,12,7,6,3,6,7,4,27,45,399.94,1.0,1.0,399.94,0.5833333333333334,0.8571428571428571,0.5,0.5,0.3333333333333333,2.3333333333333335,previous_period
2025-11-13,4,2,1,4,1,2,5,18,19,3999.08,1.0,1.0,3999.08,0.5,0.5,4.0,0.25,1.25,0.5,previous_period
2025-11-14,8,5,5,6,1,6,3,27,34,5882.13,2.0,2.0,2941.065,0.625,1.0,1.2,0.125,0.375,1.0,previous_period
2025-11-15,6,5,3,4,4,2,2,21,26,4649.23,4.0,4.0,1162.3075,0.8333333333333334,0.6,1.3333333333333333,0.6666666666666666,0.3333333333333333,0.5,previous_period
2025-11-16,8,5,5,3,4,4,1,20,30,0.0,0.0,0.0,,0.625,1.0,0.6,0.5,0.125,1.3333333333333333,previous_period
2025-11-17,6,9,6,4,3,4,2,28,34,6086.33,3.0,3.0,2028.7766666666666,1.5,0.6666666666666666,0.6666666666666666,0.5,0.3333333333333333,1.0,previous_period
2025-11-18,10,8,2,7,5,6,3,33,41,8760.220000000001,2.0,2.0,4380.110000000001,0.8,0.25,3.5,0.5,0.3,0.8571428571428571,previous_period
2025-11-19,8,5,6,7,8,4,3,22,41,8716.84,5.0,5.0,1743.368,0.625,1.2,1.1666666666666667,1.0,0.375,0.5714285714285714,previous_period
2025-11-20,6,3,3,2,2,1,4,15,21,7901.2699999999995,4.0,4.0,1975.3174999999999,0.5,1.0,0.6666666666666666,0.3333333333333333,0.6666666666666666,0.5,previous_period
2025-11-21,8,6,9,6,5,1,6,27,41,4721.51,1.0,1.0,4721.51,0.75,1.5,0.6666666666666666,0.625,0.75,0.16666666666666666,previous_period
2025-11-22,6,6,2,5,3,5,4,24,31,5759.84,2.0,2.0,2879.92,1.0,0.3333333333333333,2.5,0.5,0.6666666666666666,1.0,previous_period
2025-11-23,5,6,1,2,3,3,1,15,21,6852.67,3.0,3.0,2284.2233333333334,1.2,0.16666666666666666,2.0,0.6,0.2,1.5,previous_period
2025-11-24,9,9,4,4,5,5,5,26,41,10465.960000000001,4.0,4.0,2616.4900000000002,1.0,0.4444444444444444,1.0,0.5555555555555556,0.5555555555555556,1.25,previous_period
2025-11-25,1,3,2,1,3,4,1,13,15,1280.38,1.0,1.0,1280.38,3.0,0.6666666666666666,0.5,3.0,1.0,4.0,previous_period
2025-11-26,3,3,1,4,4,4,1,13,20,1768.94,1.0,1.0,1768.94,1.0,0.3333333333333333,4.0,1.3333333333333333,0.3333333333333333,1.0,previous_period
2025-11-27,10,4,5,7,5,3,3,24,37,4211.63,2.0,2.0,2105.815,0.4,1.25,1.4,0.5,0.3,0.42857142857142855,previous_period
2025-11-28,7,6,3,5,4,3,1,17,29,14370.62,6.0,6.0,2395.1033333333335,0.8571428571428571,0.5,1.6666666666666667,0.5714285714285714,0.14285714285714285,0.6,previous_period
2025-12-01,11,7,4,4,9,0,1,27,36,8836.41,2.0,2.0,4418.205,0.6363636363636364,0.5714285714285714,1.0,0.8181818181818182,0.09090909090909091,0.0,previous_period
2025-12-02,9,4,4,1,5,2,3,24,28,9631.59,5.0,5.0,1926.318,0.4444444444444444,1.0,0.25,0.5555555555555556,0.3333333333333333,2.0,previous_period
2025-12-03,14,11,5,6,8,6,3,26,53,5283.83,2.0,2.0,2641.915,0.7857142857142857,0.45454545454545453,1.2,0.5714285714285714,0.21428571428571427,1.0,previous_period
2025-12-04,5,1,3,7,2,0,5,22,23,3033.77,2.0,2.0,1516.885,0.2,3.0,2.3333333333333335,0.4,1.0,0.0,previous_period
2025-12-05,10,11,7,3,7,1,2,25,41,8177.17,3.0,3.0,2725.7233333333334,1.1,0.6363636363636364,0.42857142857142855,0.7,0.2,0.3333333333333333,previous_period
2025-12-06,9,10,1,4,4,3,3,27,34,4436.62,2.0,2.0,2218.31,1.1111111111111112,0.1,4.0,0.4444444444444444,0.3333333333333333,0.75,previous_period
2025-12-07,9,7,2,1,5,1,1,17,26,10315.24,5.0,5.0,2063.048,0.7777777777777778,0.2857142857142857,0.5,0.5555555555555556,0.1111111111111111,1.0,previous_period
2025-12-08,7,2,7,3,2,2,4,23,27,14469.869999999999,5.0,5.0,2893.9739999999997,0.2857142857142857,3.5,0.42857142857142855,0.2857142857142857,0.5714285714285714,0.6666666666666666,previous_period
2025-12-09,4,5,1,2,5,6,3,21,26,2479.52,2.0,2.0,1239.76,1.25,0.2,2.0,1.25,0.75,3.0,previous_period
2025-12-10,8,4,5,2,2,3,2,25,26,4902.32,2.0,2.0,2451.16,0.5,1.25,0.4,0.25,0.25,1.5,previous_period
2025-12-11,10,5,5,3,7,1,4,23,35,6296.780000000001,3.0,3.0,2098.9266666666667,0.5,1.0,0.6,0.7,0.4,0.3333333333333333,previous_period
2025-12-12,11,9,3,4,8,4,1,21,40,9420.3,3.0,3.0,3140.1,0.8181818181818182,0.3333333333333333,1.3333333333333333,0.7272727272727273,0.09090909090909091,1.0,previous_period
2025-12-13,11,3,6,6,3,2,4,31,35,7722.530000000001,3.0,3.0,2574.1766666666667,0.2727272727272727,2.0,1.0,0.2727272727272727,0.36363636363636365,0.3333333333333333,previous_period
2025-12-14,8,3,2,4,9,2,1,20,29,5340.25,3.0,3.0,1780.0833333333333,0.375,0.6666666666666666,2.0,1.125,0.125,0.5,previous_period
2025-12-15,5,9,4,7,5,5,5,32,40,20942.15,8.0,8.0,2617.76875,1.8,0.4444444444444444,1.75,1.0,1.0,0.7142857142857143,previous_period
2025-12-16,5,7,4,6,3,2,4,24,31,7471.88,3.0,3.0,2490.6266666666666,1.4,0.5714285714285714,1.5,0.6,0.8,0.3333333333333333,previous_period
2025-12-17,8,7,5,4,4,2,4,21,34,11397.15,4.0,4.0,2849.2875,0.875,0.7142857142857143,0.8,0.5,0.5,0.5,previous_period
2025-12-18,5,2,1,5,6,6,1,20,26,10824.93,3.0,3.0,3608.31,0.4,0.5,5.0,1.2,0.2,1.2,previous_period
2025-12-19,6,6,2,3,4,4,4,21,29,11657.78,4.0,4.0,2914.445,1.0,0.3333333333333333,1.5,0.6666666666666666,0.6666666666666666,1.3333333333333333,previous_period
2025-12-20,9,8,1,4,9,4,5,30,40,2801.17,1.0,1.0,2801.17,0.8888888888888888,0.125,4.0,1.0,0.5555555555555556,1.0,previous_period
2025-12-21,10,4,1,3,3,3,3,21,27,510.43999999999994,2.0,2.0,255.21999999999997,0.4,0.25,3.0,0.3,0.3,1.0,previous_period
2025-12-22,7,9,4,8,6,2,4,33,40,7554.34,4.0,4.0,1888.585,1.2857142857142858,0.4444444444444444,2.0,0.8571428571428571,0.5714285714285714,0.25,previous_period
2025-12-23,12,10,8,6,8,4,5,25,53,9668.65,5.0,5.0,1933.73,0.8333333333333334,0.8,0.75,0.6666666666666666,0.4166666666666667,0.6666666666666666,previous_period
2025-12-24,4,1,3,1,1,2,3,14,15,18122.85,7.0,7.0,2588.9785714285713,0.25,3.0,0.3333333333333333,0.25,0.75,2.0,previous_period
2025-12-25,13,11,5,2,6,2,3,23,42,6308.09,2.0,2.0,3154.045,0.8461538461538461,0.45454545454545453,0.4,0.46153846153846156,0.23076923076923078,1.0,previous_period
2025-12-26,9,9,4,4,7,2,1,17,36,4079.88,1.0,1.0,4079.88,1.0,0.4444444444444444,1.0,0.7777777777777778,0.1111111111111111,0.5,previous_period
2025-12-27,5,5,2,6,2,3,0,20,23,12342.55,4.0,4.0,3085.6375,1.0,0.4,3.0,0.4,0.0,0.5,previous_period
2025-12-28,3,4,8,4,2,2,2,19,25,7771.34,3.0,3.0,2590.4466666666667,1.3333333333333333,2.0,0.5,0.6666666666666666,0.6666666666666666,0.5,previous_period
2026-01-01,7,9,3,3,3,2,2,26,29,14466.42,5.0,5.0,2893.284,1.2857142857142858,0.3333333333333333,1.0,0.42857142857142855,0.2857142857142857,0.6666666666666666,current_period
2026-01-02,12,6,2,1,4,2,1,20,28,6314.33,3.0,3.0,2104.7766666666666,0.5,0.3333333333333333,0.5,0.3333333333333333,0.08333333333333333,2.0,current_period
2026-01-03,3,5,2,3,5,0,1,14,19,2773.37,2.0,2.0,1386.685,1.6666666666666667,0.4,1.5,1.6666666666666667,0.3333333333333333,0.0,current_period
2026-01-04,10,5,1,3,4,1,4,21,28,14194.73,5.0,5.0,2838.946,0.5,0.2,3.0,0.4,0.4,0.3333333333333333,current_period
2026-01-05,7,3,4,3,3,0,5,21,25,0.0,0.0,0.0,,0.42857142857142855,1.3333333333333333,0.75,0.42857142857142855,0.7142857142857143,0.0,current_period
2026-01-06,6,4,5,2,6,4,7,27,34,18566.68,6.0,6.0,3094.4466666666667,0.6666666666666666,1.25,0.4,1.0,1.1666666666666667,2.0,current_period
2026-01-07,4,5,4,7,5,6,3,24,34,19388.03,5.0,5.0,3877.6059999999998,1.25,0.8,1.75,1.25,0.75,0.8571428571428571,current_period
2026-01-08,13,10,6,2,5,5,2,26,43,10311.14,4.0,4.0,2577.785,0.7692307692307693,0.6,0.3333333333333333,0.38461538461538464,0.15384615384615385,2.5,current_period
2026-01-09,11,8,5,5,7,4,2,26,42,8533.16,5.0,5.0,1706.632,0.7272727272727273,0.625,1.0,0.6363636363636364,0.18181818181818182,0.8,current_period
2026-01-10,8,4,5,3,3,6,4,22,33,4182.96,2.0,2.0,2091.48,0.5,1.25,0.6,0.375,0.5,2.0,current_period
2026-01-11,5,5,5,3,3,2,1,18,24,9284.84,4.0,4.0,2321.21,1.0,1.0,0.6,0.6,0.2,0.6666666666666666,current_period
2026-01-12,8,5,6,3,6,0,2,22,30,7037.88,4.0,4.0,1759.47,0.625,1.2,0.5,0.75,0.25,0.0,current_period
2026-01-13,6,5,3,5,5,3,1,21,28,917.6199999999999,2.0,2.0,458.80999999999995,0.8333333333333334,0.6,1.6666666666666667,0.8333333333333334,0.16666666666666666,0.6,current_period
2026-01-14,12,6,3,9,2,4,7,32,43,6260.5,3.0,3.0,2086.8333333333335,0.5,0.5,3.0,0.16666666666666666,0.5833333333333334,0.4444444444444444,current_period
2026-01-15,8,10,8,5,3,6,8,30,48,822.2,1.0,1.0,822.2,1.25,0.8,0.625,0.375,1.0,1.2,current_period
2026-01-16,11,5,7,4,6,4,1,24,38,28900.75,10.0,10.0,2890.075,0.45454545454545453,1.4,0.5714285714285714,0.5454545454545454,0.09090909090909091,1.0,current_period
2026-01-17,4,3,3,3,0,4,1,18,18,16591.94,4.0,4.0,4147.985,0.75,1.0,1.0,0.0,0.25,1.3333333333333333,current_period
2026-01-18,13,9,8,5,8,3,4,31,50,0.0,0.0,0.0,,0.6923076923076923,0.8888888888888888,0.625,0.6153846153846154,0.3076923076923077,0.6,current_period
2026-01-19,8,5,2,2,5,2,1,20,25,2251.31,3.0,3.0,750.4366666666666,0.625,0.4,1.0,0.625,0.125,1.0,current_period
2026-01-20,4,2,2,4,5,2,2,16,21,1281.19,2.0,2.0,640.595,0.5,1.0,2.0,1.25,0.5,0.5,current_period
2026-01-21,10,6,4,3,2,2,3,28,30,9375.84,3.0,3.0,3125.28,0.6,0.6666666666666666,0.75,0.2,0.3,0.6666666666666666,current_period
2026-01-22,7,9,3,4,4,3,1,19,31,9726.11,3.0,3.0,3242.036666666667,1.2857142857142858,0.3333333333333333,1.3333333333333333,0.5714285714285714,0.14285714285714285,0.75,current_period
2026-01-23,7,9,5,4,7,5,3,31,40,7162.17,2.0,2.0,3581.085,1.2857142857142858,0.5555555555555556,0.8,1.0,0.42857142857142855,1.25,current_period
2026-01-24,4,3,1,3,2,5,1,18,19,15161.54,5.0,5.0,3032.308,0.75,0.3333333333333333,3.0,0.5,0.25,1.6666666666666667,current_period
2026-01-25,2,3,3,5,7,2,2,22,24,10699.6,3.0,3.0,3566.5333333333333,1.5,1.0,1.6666666666666667,3.5,1.0,0.4,current_period
2026-01-26,5,7,4,5,4,2,2,22,29,9505.29,3.0,3.0,3168.4300000000003,1.4,0.5714285714285714,1.25,0.8,0.4,0.4,current_period
2026-01-27,8,4,1,5,5,2,4,23,29,7272.89,2.0,2.0,3636.445,0.5,0.25,5.0,0.625,0.5,0.4,current_period
2026-01-28,7,9,5,1,6,4,6,28,38,3953.3,3.0,3.0,1317.7666666666667,1.2857142857142858,0.5555555555555556,0.2,0.8571428571428571,0.8571428571428571,4.0,current_period
2026-02-01,14,8,2,5,10,5,2,27,46,11552.17,3.0,3.0,3850.7233333333334,0.5714285714285714,0.25,2.5,0.7142857142857143,0.14285714285714285,1.0,current_period
2026-02-02,9,7,5,2,8,4,4,28,39,7554.49,2.0,2.0,3777.245,0.7777777777777778,0.7142857142857143,0.4,0.8888888888888888,0.4444444444444444,2.0,current_period
2026-02-03,9,6,3,3,7,2,2,21,32,2599.66,2.0,2.0,1299.83,0.6666666666666666,0.5,1.0,0.7777777777777778,0.2222222222222222,0.6666666666666666,current_period
2026-02-04,11,2,5,5,3,3,4,25,33,1183.16,1.0,1.0,1183.16,0.18181818181818182,2.5,1.0,0.2727272727272727,0.36363636363636365,0.6,current_period
2026-02-05,5,1,0,3,1,2,2,14,14,8306.189999999999,3.0,3.0,2768.7299999999996,0.2,0.0,,0.2,0.4,0.6666666666666666,current_period
2026-02-06,8,10,4,2,6,2,3,26,35,13488.69,5.0,5.0,2697.7380000000003,1.25,0.4,0.5,0.75,0.375,1.0,current_period
2026-02-07,11,5,3,3,5,3,1,22,31,5547.05,2.0,2.0,2773.525,0.45454545454545453,0.6,1.0,0.45454545454545453,0.09090909090909091,1.0,current_period
2026-02-08,12,7,12,6,7,5,4,34,53,8450.61,3.0,3.0,2816.8700000000003,0.5833333333333334,1.7142857142857142,0.5,0.5833333333333334,0.3333333333333333,0.8333333333333334,current_period
2026-02-09,13,12,13,11,8,8,2,32,67,5349.63,3.0,3.0,1783.21,0.9230769230769231,1.0833333333333333,0.8461538461538461,0.6153846153846154,0.15384615384615385,0.7272727272727273,current_period
2026-02-10,8,6,7,5,5,3,2,24,36,9827.23,3.0,3.0,3275.7433333333333,0.75,1.1666666666666667,0.7142857142857143,0.625,0.25,0.6,current_period
2026-02-11,5,4,5,4,0,1,7,24,26,12996.97,5.0,5.0,2599.394,0.8,1.25,0.8,0.0,1.4,0.25,current_period
2026-02-12,12,6,6,5,5,3,6,27,43,4505.049999999999,2.0,2.0,2252.5249999999996,0.5,1.0,0.8333333333333334,0.4166666666666667,0.5,0.6,current_period
2026-02-13,6,5,8,6,3,5,3,23,36,1598.59,1.0,1.0,1598.59,0.8333333333333334,1.6,0.75,0.5,0.5,0.8333333333333334,current_period
2026-02-14,8,6,2,1,4,1,1,16,23,12847.49,5.0,5.0,2569.498,0.75,0.3333333333333333,0.5,0.5,0.125,1.0,current_period
2026-02-15,13,7,4,5,6,5,2,26,42,230.75,1.0,1.0,230.75,0.5384615384615384,0.5714285714285714,1.25,0.46153846153846156,0.15384615384615385,1.0,current_period
2026-02-16,11,5,5,4,6,2,2,23,35,8188.48,2.0,2.0,4094.24,0.45454545454545453,1.0,0.8,0.5454545454545454,0.18181818181818182,0.5,current_period
2026-02-17,9,6,4,2,5,2,3,22,31,3314.2,2.0,2.0,1657.1,0.6666666666666666,0.6666666666666666,0.5,0.5555555555555556,0.3333333333333333,1.0,current_period
2026-02-18,10,3,2,5,3,2,3,22,28,2161.5,3.0,3.0,720.5,0.3,0.6666666666666666,2.5,0.3,0.3,0.4,current_period
2026-02-19,10,9,6,5,6,4,3,26,43,6892.84,3.0,3.0,2297.6133333333332,0.9,0.6666666666666666,0.8333333333333334,0.6,0.3,0.8,current_period
2026-02-20,11,8,6,8,5,5,2,28,45,5954.65,2.0,2.0,2977.325,0.7272727272727273,0.75,1.3333333333333333,0.45454545454545453,0.18181818181818182,0.625,current_period
2026-02-21,6,6,5,4,6,2,1,23,30,1273.21,1.0,1.0,1273.21,1.0,0.8333333333333334,0.8,1.0,0.16666666666666666,0.5,current_period
2026-02-22,11,11,5,2,11,1,2,27,43,7982.93,2.0,2.0,3991.465,1.0,0.45454545454545453,0.4,1.0,0.18181818181818182,0.5,current_period
2026-02-23,9,2,4,2,5,3,3,23,28,7994.53,2.0,2.0,3997.265,0.2222222222222222,2.0,0.5,0.5555555555555556,0.3333333333333333,1.5,current_period
2026-02-24,10,8,7,5,7,3,8,34,48,3388.8900000000003,2.0,2.0,1694.4450000000002,0.8,0.875,0.7142857142857143,0.7,0.8,0.6,current_period
2026-02-25,9,6,9,6,6,5,5,30,46,12097.9,3.0,3.0,4032.633333333333,0.6666666666666666,1.5,0.6666666666666666,0.6666666666666666,0.5555555555555556,0.8333333333333334,current_period
2026-02-26,8,7,7,5,4,4,3,25,38,6069.9,3.0,3.0,2023.3,0.875,1.0,0.7142857142857143,0.5,0.375,0.8,current_period
2026-02-27,4,5,6,7,7,4,3,25,36,3480.8199999999997,2.0,2.0,1740.4099999999999,1.25,1.2,1.1666666666666667,1.75,0.75,0.5714285714285714,current_period
2026-02-28,6,9,4,5,4,5,4,30,37,4434.06,1.0,1.0,4434.06,1.5,0.4444444444444444,1.25,0.6666666666666666,0.6666666666666666,1.0,current_period
2026-03-01,11,6,7,5,7,5,5,27,46,18769.03,5.0,5.0,3753.8059999999996,0.5454545454545454,1.1666666666666667,0.7142857142857143,0.6363636363636364,0.45454545454545453,1.0,current_period
2026-03-02,7,3,3,4,3,3,6,22,29,12563.34,4.0,4.0,3140.835,0.42857142857142855,1.0,1.3333333333333333,0.42857142857142855,0.8571428571428571,0.75,current_period
2026-03-03,8,5,4,5,3,6,1,23,32,11413.64,4.0,4.0,2853.41,0.625,0.8,1.25,0.375,0.125,1.2,current_period
2026-03-04,8,10,2,2,5,5,2,25,34,0.0,0.0,0.0,,1.25,0.2,1.0,0.625,0.25,2.5,current_period
2026-03-05,3,2,3,4,2,1,1,16,16,3478.79,1.0,1.0,3478.79,0.6666666666666666,1.5,1.3333333333333333,0.6666666666666666,0.3333333333333333,0.25,current_period
2026-03-06,7,0,3,1,0,2,3,16,16,8386.89,4.0,4.0,2096.7225,0.0,,0.3333333333333333,0.0,0.42857142857142855,2.0,current_period
2026-03-07,10,7,4,7,8,5,4,35,45,16337.6,4.0,4.0,4084.4,0.7,0.5714285714285714,1.75,0.8,0.4,0.7142857142857143,current_period
2026-03-08,14,8,4,3,2,3,1,24,35,6627.009999999999,3.0,3.0,2209.003333333333,0.5714285714285714,0.5,0.75,0.14285714285714285,0.07142857142857142,1.0,current_period
2026-03-09,8,9,4,5,5,2,1,20,34,5548.88,3.0,3.0,1849.6266666666668,1.125,0.4444444444444444,1.25,0.625,0.125,0.4,current_period
2026-03-10,5,4,5,4,4,4,2,20,28,9266.21,3.0,3.0,3088.736666666666,0.8,1.25,0.8,0.8,0.4,1.0,current_period
2026-03-11,10,4,2,3,9,0,4,22,32,638.79,1.0,1.0,638.79,0.4,0.5,1.5,0.9,0.4,0.0,current_period
2026-03-12,5,4,4,2,5,1,3,17,24,13776.39,4.0,4.0,3444.0975,0.8,1.0,0.5,1.0,0.6,0.5,current_period
2026-03-13,11,8,6,7,6,4,3,26,45,5092.38,2.0,2.0,2546.19,0.7272727272727273,0.75,1.1666666666666667,0.5454545454545454,0.2727272727272727,0.5714285714285714,current_period
2026-03-14,8,6,1,3,5,3,3,22,29,6369.92,4.0,4.0,1592.48,0.75,0.16666666666666666,3.0,0.625,0.375,1.0,current_period
2026-03-15,6,5,3,7,6,4,4,25,35,8909.849999999999,3.0,3.0,2969.9499999999994,0.8333333333333334,0.6,2.3333333333333335,1.0,0.6666666666666666,0.5714285714285714,current_period
2026-03-16,9,7,4,6,6,3,2,26,37,10488.91,4.0,4.0,2622.2275,0.7777777777777778,0.5714285714285714,1.5,0.6666666666666666,0.2222222222222222,0.5,current_period
2026-03-17,13,8,10,6,10,6,4,35,57,5475.01,2.0,2.0,2737.505,0.6153846153846154,1.25,0.6,0.7692307692307693,0.3076923076923077,1.0,current_period
2026-03-18,6,4,3,2,1,6,1,21,23,7005.15,4.0,4.0,1751.2875,0.6666666666666666,0.75,0.6666666666666666,0.16666666666666666,0.16666666666666666,3.0,current_period
2026-03-19,5,7,4,3,3,4,5,21,31,4298.36,1.0,1.0,4298.36,1.4,0.5714285714285714,0.75,0.6,1.0,1.3333333333333333,current_period
2026-03-20,10,3,1,4,2,3,2,18,25,0.0,0.0,0.0,,0.3,0.3333333333333333,4.0,0.2,0.2,0.75,current_period
2026-03-21,7,7,5,3,4,3,4,30,33,4711.92,2.0,2.0,2355.96,1.0,0.7142857142857143,0.6,0.5714285714285714,0.5714285714285714,1.0,current_period
2026-03-22,5,8,3,2,3,6,3,21,30,15020.26,5.0,5.0,3004.052,1.6,0.375,0.6666666666666666,0.6,0.6,3.0,current_period
2026-03-23,12,3,3,2,1,3,2,23,26,17416.47,7.0,7.0,2488.067142857143,0.25,1.0,0.6666666666666666,0.08333333333333333,0.16666666666666666,1.5,current_period
2026-03-24,8,8,6,3,0,3,2,28,30,7579.1900000000005,4.0,4.0,1894.7975000000001,1.0,0.75,0.5,0.0,0.25,1.0,current_period
2026-03-25,3,4,3,5,0,4,2,20,21,895.74,2.0,2.0,447.87,1.3333333333333333,0.75,1.6666666666666667,0.0,0.6666666666666666,0.8,current_period
2026-03-26,7,5,2,2,5,3,1,22,25,16647.73,5.0,5.0,3329.546,0.7142857142857143,0.4,1.0,0.7142857142857143,0.14285714285714285,1.5,current_period
2026-03-27,12,6,5,7,3,0,4,29,37,15869.619999999999,6.0,6.0,2644.9366666666665,0.5,0.8333333333333334,1.4,0.25,0.3333333333333333,0.0,current_period
2026-03-28,12,7,7,5,4,1,4,25,40,4999.17,1.0,1.0,4999.17,0.5833333333333334,1.0,0.7142857142857143,0.3333333333333333,0.3333333333333333,0.2,current_period
2026-04-01,6,6,2,1,4,1,2,20,22,5305.02,3.0,3.0,1768.3400000000001,1.0,0.3333333333333333,0.5,0.6666666666666666,0.3333333333333333,1.0,current_period
2026-04-02,8,4,4,1,5,6,1,20,29,992.62,1.0,1.0,992.62,0.5,1.0,0.25,0.625,0.125,6.0,current_period
2026-04-03,5,2,2,3,4,1,6,19,23,7735.66,3.0,3.0,2578.5533333333333,0.4,1.0,1.5,0.8,1.2,0.3333333333333333,current_period
2026-04-04,7,5,6,3,6,3,7,25,37,5655.43,3.0,3.0,1885.1433333333334,0.7142857142857143,1.2,0.5,0.8571428571428571,1.0,1.0,current_period
2026-04-05,7,9,5,3,4,1,3,23,32,14437.45,5.0,5.0,2887.4900000000002,1.2857142857142858,0.5555555555555556,0.6,0.5714285714285714,0.42857142857142855,0.3333333333333333,current_period
2026-04-06,8,8,2,8,4,2,4,29,36,16417.579999999998,7.0,7.0,2345.368571428571,1.0,0.25,4.0,0.5,0.5,0.25,current_period
2026-04-07,7,6,5,3,4,5,4,28,34,6485.48,4.0,4.0,1621.37,0.8571428571428571,0.8333333333333334,0.6,0.5714285714285714,0.5714285714285714,1.6666666666666667,current_period
2026-04-08,10,5,1,0,5,1,4,24,26,12769.460000000001,3.0,3.0,4256.486666666667,0.5,0.2,0.0,0.5,0.4,,current_period
2026-04-09,7,2,6,4,3,1,1,23,24,9385.68,4.0,4.0,2346.42,0.2857142857142857,3.0,0.6666666666666666,0.42857142857142855,0.14285714285714285,0.25,current_period
2026-04-10,7,7,5,0,6,4,6,27,35,6511.99,5.0,5.0,1302.398,1.0,0.7142857142857143,0.0,0.8571428571428571,0.8571428571428571,,current_period
2026-04-11,7,6,2,1,3,7,0,21,26,2570.47,1.0,1.0,2570.47,0.8571428571428571,0.3333333333333333,0.5,0.42857142857142855,0.0,7.0,current_period
2026-04-12,7,4,5,4,3,3,3,24,29,14989.32,6.0,6.0,2498.22,0.5714285714285714,1.25,0.8,0.42857142857142855,0.42857142857142855,0.75,current_period
2026-04-13,5,4,5,5,3,6,4,26,32,14822.400000000001,6.0,6.0,2470.4,0.8,1.25,1.0,0.6,0.8,1.2,current_period
2026-04-14,4,1,4,5,3,2,4,17,23,7519.36,4.0,4.0,1879.84,0.25,4.0,1.25,0.75,1.0,0.4,current_period
2026-04-15,8,7,4,1,3,3,0,18,26,0.0,0.0,0.0,,0.875,0.5714285714285714,0.25,0.375,0.0,3.0,current_period
2026-04-16,10,9,3,2,7,3,2,26,36,8533.25,2.0,2.0,4266.625,0.9,0.3333333333333333,0.6666666666666666,0.7,0.2,1.5,current_period
2026-04-17,7,7,3,4,5,3,2,23,31,187.43,1.0,1.0,187.43,1.0,0.42857142857142855,1.3333333333333333,0.7142857142857143,0.2857142857142857,0.75,current_period
2026-04-18,12,8,4,3,5,4,3,25,39,0.0,0.0,0.0,,0.6666666666666666,0.5,0.75,0.4166666666666667,0.25,1.3333333333333333,current_period
2026-04-19,7,10,6,3,4,6,2,28,38,9049.43,4.0,4.0,2262.3575,1.4285714285714286,0.6,0.5,0.5714285714285714,0.2857142857142857,2.0,current_period
2026-04-20,6,2,9,5,2,2,2,22,28,3219.57,1.0,1.0,3219.57,0.3333333333333333,4.5,0.5555555555555556,0.3333333333333333,0.3333333333333333,0.4,current_period
2026-04-21,5,3,6,1,5,1,2,22,23,14460.240000000002,6.0,6.0,2410.0400000000004,0.6,2.0,0.16666666666666666,1.0,0.4,1.0,current_period
2026-04-22,5,2,0,1,3,4,2,16,17,5720.389999999999,2.0,2.0,2860.1949999999997,0.4,0.0,,0.6,0.4,4.0,current_period
2026-04-23,4,4,3,3,2,3,4,12,23,22401.02,7.0,7.0,3200.1457142857143,1.0,0.75,1.0,0.5,1.0,1.0,current_period
2026-04-24,12,6,6,3,7,6,7,29,47,10310.26,4.0,4.0,2577.565,0.5,1.0,0.5,0.5833333333333334,0.5833333333333334,2.0,current_period
2026-04-25,5,9,4,5,4,0,1,20,28,437.18,1.0,1.0,437.18,1.8,0.4444444444444444,1.25,0.8,0.2,0.0,current_period
2026-04-26,5,3,3,2,2,2,1,11,18,8864.53,4.0,4.0,2216.1325,0.6,1.0,0.6666666666666666,0.4,0.2,1.0,current_period
2026-04-27,7,4,3,8,8,1,0,24,31,17521.32,5.0,5.0,3504.264,0.5714285714285714,0.75,2.6666666666666665,1.1428571428571428,0.0,0.125,current_period
2026-04-28,10,7,5,0,6,5,2,28,35,15432.769999999999,6.0,6.0,2572.128333333333,0.7,0.7142857142857143,0.0,0.6,0.2,,current_period
2026-05-01,8,8,4,2,7,3,1,24,33,9441.51,4.0,4.0,2360.3775,1.0,0.5,0.5,0.875,0.125,1.5,current_period
2026-05-02,10,6,2,1,1,6,1,23,27,5222.7300000000005,2.0,2.0,2611.3650000000002,0.6,0.3333333333333333,0.5,0.1,0.1,6.0,current_period
2026-05-03,7,6,5,8,3,3,5,26,37,618.43,1.0,1.0,618.43,0.8571428571428571,0.8333333333333334,1.6,0.42857142857142855,0.7142857142857143,0.375,current_period
2026-05-04,3,5,5,3,4,3,3,23,26,10277.9,4.0,4.0,2569.475,1.6666666666666667,1.0,0.6,1.3333333333333333,1.0,1.0,current_period
2026-05-05,9,6,8,5,4,3,2,23,37,8709.11,4.0,4.0,2177.2775,0.6666666666666666,1.3333333333333333,0.625,0.4444444444444444,0.2222222222222222,0.6,current_period
2026-05-06,8,9,6,4,7,1,2,25,37,9722.31,3.0,3.0,3240.77,1.125,0.6666666666666666,0.6666666666666666,0.875,0.25,0.25,current_period
2026-05-07,13,6,4,4,4,3,5,26,39,6077.41,2.0,2.0,3038.705,0.46153846153846156,0.6666666666666666,1.0,0.3076923076923077,0.38461538461538464,0.75,current_period
2026-05-08,9,10,8,7,8,2,1,23,45,5210.15,2.0,2.0,2605.075,1.1111111111111112,0.8,0.875,0.8888888888888888,0.1111111111111111,0.2857142857142857,current_period
2026-05-09,5,4,3,2,2,6,2,21,24,5910.9,2.0,2.0,2955.45,0.8,0.75,0.6666666666666666,0.4,0.4,3.0,current_period
2026-05-10,4,2,2,3,3,3,2,14,19,8897.25,3.0,3.0,2965.75,0.5,1.0,1.5,0.75,0.5,1.0,current_period
2026-05-11,14,9,6,7,6,3,4,37,49,2679.85,1.0,1.0,2679.85,0.6428571428571429,0.6666666666666666,1.1666666666666667,0.42857142857142855,0.2857142857142857,0.42857142857142855,current_period
2026-05-12,9,6,3,1,3,3,1,20,26,2875.57,1.0,1.0,2875.57,0.6666666666666666,0.5,0.3333333333333333,0.3333333333333333,0.1111111111111111,3.0,current_period
2026-05-13,11,9,2,1,3,6,0,25,32,12478.92,3.0,3.0,4159.64,0.8181818181818182,0.2222222222222222,0.5,0.2727272727272727,0.0,6.0,current_period
2026-05-14,8,6,3,3,1,3,1,18,25,12017.95,4.0,4.0,3004.4875,0.75,0.5,1.0,0.125,0.125,1.0,current_period
2026-05-15,3,6,0,0,3,2,1,13,15,25223.69,7.0,7.0,3603.3842857142854,2.0,0.0,,1.0,0.3333333333333333,,current_period
2026-05-16,6,5,3,4,4,6,0,18,28,3642.27,1.0,1.0,3642.27,0.8333333333333334,0.6,1.3333333333333333,0.6666666666666666,0.0,1.5,current_period
2026-05-17,7,4,4,4,6,1,2,21,28,5550.13,4.0,4.0,1387.5325,0.5714285714285714,1.0,1.0,0.8571428571428571,0.2857142857142857,0.25,current_period
2026-05-18,8,4,0,3,2,1,1,15,19,5164.37,2.0,2.0,2582.185,0.5,0.0,,0.25,0.125,0.3333333333333333,current_period
2026-05-19,4,4,3,3,5,5,5,23,29,2340.6400000000003,2.0,2.0,1170.3200000000002,1.0,0.75,1.0,1.25,1.25,1.6666666666666667,current_period
2026-05-20,5,4,3,4,4,3,7,23,30,11109.45,5.0,4.0,2221.8900000000003,0.8,0.75,1.3333333333333333,0.8,1.4,0.75,current_period
2026-05-21,7,7,5,2,7,5,0,19,33,10228.43,3.0,3.0,3409.476666666667,1.0,0.7142857142857143,0.4,1.0,0.0,2.5,current_period
2026-05-22,8,6,8,3,4,2,4,25,35,4882.92,1.0,1.0,4882.92,0.75,1.3333333333333333,0.375,0.5,0.5,0.6666666666666666,current_period
2026-05-23,8,8,7,4,6,3,1,21,37,13941.02,6.0,6.0,2323.5033333333336,1.0,0.875,0.5714285714285714,0.75,0.125,0.75,current_period
2026-05-24,11,4,2,2,8,5,1,26,33,11546.41,4.0,4.0,2886.6025,0.36363636363636365,0.5,1.0,0.7272727272727273,0.09090909090909091,2.5,current_period
2026-05-25,7,8,1,1,4,5,3,23,29,6617.59,2.0,2.0,3308.795,1.1428571428571428,0.125,1.0,0.5714285714285714,0.42857142857142855,5.0,current_period
2026-05-26,5,6,5,2,5,1,1,18,25,14759.119999999999,4.0,4.0,3689.7799999999997,1.2,0.8333333333333334,0.4,1.0,0.2,0.5,current_period
2026-05-27,10,3,0,2,3,4,1,22,23,6740.39,3.0,3.0,2246.7966666666666,0.3,0.0,,0.3,0.1,2.0,current_period
2026-05-28,8,9,4,3,4,6,1,22,35,8908.95,2.0,2.0,4454.475,1.125,0.4444444444444444,0.75,0.5,0.125,2.0,current_period
2026-06-01,8,10,6,5,5,3,3,25,40,14259.230000000001,5.0,5.0,2851.8460000000005,1.25,0.6,0.8333333333333334,0.625,0.375,0.6,current_period
2026-06-02,14,7,3,2,3,2,4,22,35,14682.79,6.0,6.0,2447.1316666666667,0.5,0.42857142857142855,0.6666666666666666,0.21428571428571427,0.2857142857142857,1.0,current_period
2026-06-03,13,9,2,6,4,3,2,27,39,6935.21,2.0,2.0,3467.605,0.6923076923076923,0.2222222222222222,3.0,0.3076923076923077,0.15384615384615385,0.5,current_period
2026-06-04,4,5,5,3,1,5,5,24,28,6561.169999999999,3.0,3.0,2187.0566666666664,1.25,1.0,0.6,0.25,1.25,1.6666666666666667,current_period
2026-06-05,5,4,4,5,3,2,4,24,27,4611.759999999999,3.0,3.0,1537.253333333333,0.8,1.0,1.25,0.6,0.8,0.4,current_period
2026-06-06,12,7,1,4,3,7,2,31,36,6586.26,3.0,3.0,2195.42,0.5833333333333334,0.14285714285714285,4.0,0.25,0.16666666666666666,1.75,current_period
2026-06-07,10,7,7,2,8,4,3,27,41,5593.51,3.0,3.0,1864.5033333333333,0.7,1.0,0.2857142857142857,0.8,0.3,2.0,current_period
2026-06-08,6,3,3,0,4,2,4,18,22,9925.77,8.0,8.0,1240.72125,0.5,1.0,0.0,0.6666666666666666,0.6666666666666666,,current_period
2026-06-09,7,3,3,1,5,2,3,22,24,3274.64,2.0,2.0,1637.32,0.42857142857142855,1.0,0.3333333333333333,0.7142857142857143,0.42857142857142855,2.0,current_period
2026-06-10,7,5,4,4,5,3,2,20,30,11344.25,4.0,4.0,2836.0625,0.7142857142857143,0.8,1.0,0.7142857142857143,0.2857142857142857,0.75,current_period
2026-06-11,8,3,1,1,1,1,4,16,19,12874.69,3.0,3.0,4291.5633333333335,0.375,0.3333333333333333,1.0,0.125,0.5,1.0,current_period
2026-06-12,6,5,6,3,4,2,3,23,29,13111.05,4.0,4.0,3277.7625,0.8333333333333334,1.2,0.5,0.6666666666666666,0.5,0.6666666666666666,current_period
2026-06-13,5,5,4,3,4,2,2,19,25,837.6800000000001,2.0,2.0,418.84000000000003,1.0,0.8,0.75,0.8,0.4,0.6666666666666666,current_period
2026-06-14,5,4,2,2,4,2,5,20,24,12153.48,4.0,4.0,3038.37,0.8,0.5,1.0,0.8,1.0,1.0,current_period
2026-06-15,6,5,4,6,4,4,0,24,29,17286.899999999998,6.0,6.0,2881.1499999999996,0.8333333333333334,0.8,1.5,0.6666666666666666,0.0,0.6666666666666666,current_period
2026-06-16,10,6,6,3,7,3,2,20,37,2498.81,2.0,2.0,1249.405,0.6,1.0,0.5,0.7,0.2,1.0,current_period
2026-06-17,13,5,5,2,5,5,7,31,42,5661.14,2.0,2.0,2830.57,0.38461538461538464,1.0,0.4,0.38461538461538464,0.5384615384615384,2.5,current_period
2026-06-18,7,11,5,4,9,1,1,24,38,17912.62,6.0,6.0,2985.4366666666665,1.5714285714285714,0.45454545454545453,0.8,1.2857142857142858,0.14285714285714285,0.25,current_period
2026-06-19,7,5,4,2,5,3,4,25,30,3344.21,2.0,2.0,1672.105,0.7142857142857143,0.8,0.5,0.7142857142857143,0.5714285714285714,1.5,current_period
2026-06-20,8,9,5,3,4,1,4,24,34,7750.15,5.0,5.0,1550.03,1.125,0.5555555555555556,0.6,0.5,0.5,0.3333333333333333,current_period
2026-06-21,9,9,3,3,3,7,1,23,35,10525.87,4.0,4.0,2631.4675,1.0,0.3333333333333333,1.0,0.3333333333333333,0.1111111111111111,2.3333333333333335,current_period
2026-06-22,10,6,5,1,5,2,3,27,32,10733.35,7.0,7.0,1533.3357142857144,0.6,0.8333333333333334,0.2,0.5,0.3,2.0,current_period
2026-06-23,10,9,5,6,7,6,5,29,48,13162.57,4.0,4.0,3290.6425,0.9,0.5555555555555556,1.2,0.7,0.5,1.0,current_period
2026-06-24,17,9,2,1,8,2,2,29,41,12101.57,5.0,5.0,2420.314,0.5294117647058824,0.2222222222222222,0.5,0.47058823529411764,0.11764705882352941,2.0,current_period
2026-06-25,9,6,3,6,5,4,2,25,35,7228.379999999999,4.0,4.0,1807.0949999999998,0.6666666666666666,0.5,2.0,0.5555555555555556,0.2222222222222222,0.6666666666666666,current_period
2026-06-26,8,3,4,4,4,4,3,25,30,2742.65,2.0,2.0,1371.325,0.375,1.3333333333333333,1.0,0.5,0.375,1.0,current_period
2026-06-27,7,5,4,8,5,2,1,22,32,16986.47,7.0,7.0,2426.6385714285716,0.7142857142857143,0.8,2.0,0.7142857142857143,0.14285714285714285,0.25,current_period
2026-06-28,6,4,3,4,4,0,2,16,23,9765.15,5.0,5.0,1953.03,0.6666666666666666,0.75,1.3333333333333333,0.6666666666666666,0.3333333333333333,0.0,current_period
2026-07-01,8,5,6,4,4,2,1,24,30,19663.56,7.0,7.0,2809.0800000000004,0.625,1.2,0.6666666666666666,0.5,0.125,0.5,current_period
2026-07-02,6,3,1,2,4,4,4,20,24,4498.37,3.0,3.0,1499.4566666666667,0.5,0.3333333333333333,2.0,0.6666666666666666,0.6666666666666666,2.0,current_period
2026-07-03,12,10,4,7,9,6,6,33,54,8630.87,4.0,4.0,2157.7175,0.8333333333333334,0.4,1.75,0.75,0.5,0.8571428571428571,current_period
2026-07-04,11,7,5,4,5,3,1,21,36,9911.55,5.0,5.0,1982.31,0.6363636363636364,0.7142857142857143,0.8,0.45454545454545453,0.09090909090909091,0.75,current_period
2026-07-05,6,5,3,4,5,2,2,20,27,4388.54,2.0,2.0,2194.27,0.8333333333333334,0.6,1.3333333333333333,0.8333333333333334,0.3333333333333333,0.5,current_period
2026-07-06,3,5,4,2,4,5,4,22,27,5893.59,4.0,4.0,1473.3975,1.6666666666666667,0.8,0.5,1.3333333333333333,1.3333333333333333,2.5,current_period
2026-07-07,8,3,2,4,3,5,5,23,30,16448.22,5.0,5.0,3289.6440000000002,0.375,0.6666666666666666,2.0,0.375,0.625,1.25,current_period
2026-07-08,5,0,3,4,3,2,1,18,18,6255.05,3.0,3.0,2085.016666666667,0.0,,1.3333333333333333,0.6,0.2,0.5,current_period
2026-07-09,8,5,5,6,4,4,5,22,37,20909.120000000003,8.0,8.0,2613.6400000000003,0.625,1.0,1.2,0.5,0.625,0.6666666666666666,current_period
2026-07-10,7,9,5,7,4,4,4,26,40,10074.779999999999,3.0,3.0,3358.2599999999998,1.2857142857142858,0.5555555555555556,1.4,0.5714285714285714,0.5714285714285714,0.5714285714285714,current_period
2026-07-11,8,8,2,2,3,2,2,17,27,4756.76,3.0,3.0,1585.5866666666668,1.0,0.25,1.0,0.375,0.25,1.0,current_period
2026-07-12,5,1,3,1,2,1,3,13,16,7204.45,4.0,4.0,1801.1125,0.2,3.0,0.3333333333333333,0.4,0.6,1.0,current_period
2026-07-13,5,6,7,2,7,5,3,25,35,10466.58,4.0,4.0,2616.645,1.2,1.1666666666666667,0.2857142857142857,1.4,0.6,2.5,current_period
2026-07-14,6,4,4,2,4,2,8,24,30,6929.79,3.0,3.0,2309.93,0.6666666666666666,1.0,0.5,0.6666666666666666,1.3333333333333333,1.0,current_period
2026-07-15,4,2,5,5,7,3,1,24,27,3206.08,2.0,2.0,1603.04,0.5,2.5,1.0,1.75,0.25,0.6,current_period
2026-07-16,11,11,3,3,7,3,4,34,42,5188.360000000001,2.0,2.0,2594.1800000000003,1.0,0.2727272727272727,1.0,0.6363636363636364,0.36363636363636365,1.0,current_period
2026-07-17,9,4,3,2,3,2,2,20,25,5594.14,3.0,3.0,1864.7133333333334,0.4444444444444444,0.75,0.6666666666666666,0.3333333333333333,0.2222222222222222,1.0,current_period
2026-07-18,11,6,5,2,6,11,2,30,43,10055.51,4.0,4.0,2513.8775,0.5454545454545454,0.8333333333333334,0.4,0.5454545454545454,0.18181818181818182,5.5,current_period
2026-07-19,6,8,2,3,5,0,2,20,26,0.0,0.0,0.0,,1.3333333333333333,0.25,1.5,0.8333333333333334,0.3333333333333333,0.0,current_period
2026-07-20,15,8,2,4,6,2,5,30,42,5356.9,2.0,2.0,2678.45,0.5333333333333333,0.25,2.0,0.4,0.3333333333333333,0.5,current_period
2026-07-21,5,5,4,4,6,2,4,23,30,17462.53,6.0,6.0,2910.4216666666666,1.0,0.8,1.0,1.2,0.8,0.5,current_period
2026-07-22,8,4,2,3,3,4,1,24,25,10629.58,3.0,3.0,3543.193333333333,0.5,0.5,1.5,0.375,0.125,1.3333333333333333,current_period
2026-07-23,7,6,5,6,6,3,8,30,41,3486.54,4.0,4.0,871.635,0.8571428571428571,0.8333333333333334,1.2,0.8571428571428571,1.1428571428571428,0.5,current_period
2026-07-24,4,7,3,1,2,1,2,18,20,9419.16,3.0,3.0,3139.72,1.75,0.42857142857142855,0.3333333333333333,0.5,0.5,1.0,current_period
2026-07-25,3,7,3,4,5,6,5,27,33,6114.6,2.0,2.0,3057.3,2.3333333333333335,0.42857142857142855,1.3333333333333333,1.6666666666666667,1.6666666666666667,1.5,current_period
2026-07-26,7,6,2,2,2,2,4,17,25,7099.82,4.0,4.0,1774.955,0.8571428571428571,0.3333333333333333,1.0,0.2857142857142857,0.5714285714285714,1.0,current_period
2026-07-27,11,7,2,2,7,1,3,22,33,10208.18,4.0,4.0,2552.045,0.6363636363636364,0.2857142857142857,1.0,0.6363636363636364,0.2727272727272727,0.5,current_period
2026-07-28,8,5,4,3,5,4,3,22,32,19255.66,7.0,7.0,2750.808571428571,0.625,0.8,0.75,0.625,0.375,1.3333333333333333,current_period
2026-08-01,7,4,4,3,2,1,2,17,23,7336.38,5.0,5.0,1467.276,0.5714285714285714,1.0,0.75,0.2857142857142857,0.2857142857142857,0.3333333333333333,current_period
2026-08-02,5,4,5,3,5,5,3,27,30,7278.71,2.0,2.0,3639.355,0.8,1.25,0.6,1.0,0.6,1.6666666666666667,current_period
2026-08-03,8,10,4,4,5,8,2,24,41,202.24,1.0,1.0,202.24,1.25,0.4,1.0,0.625,0.25,2.0,current_period
2026-08-04,7,4,2,3,2,3,3,22,24,11595.539999999999,5.0,5.0,2319.1079999999997,0.5714285714285714,0.5,1.5,0.2857142857142857,0.42857142857142855,1.0,current_period
2026-08-05,9,8,6,1,6,2,5,23,37,9100.71,5.0,5.0,1820.1419999999998,0.8888888888888888,0.75,0.16666666666666666,0.6666666666666666,0.5555555555555556,2.0,current_period
2026-08-06,3,7,5,3,1,4,3,19,26,6799.9,3.0,3.0,2266.633333333333,2.3333333333333335,0.7142857142857143,0.6,0.3333333333333333,1.0,1.3333333333333333,current_period
2026-08-07,9,5,9,5,7,4,4,25,43,6191.65,2.0,2.0,3095.825,0.5555555555555556,1.8,0.5555555555555556,0.7777777777777778,0.4444444444444444,0.8,current_period
2026-08-08,4,8,3,8,3,1,6,22,33,1615.0,1.0,1.0,1615.0,2.0,0.375,2.6666666666666665,0.75,1.5,0.125,current_period
2026-08-09,6,7,2,2,2,7,2,20,28,12164.08,3.0,3.0,4054.693333333333,1.1666666666666667,0.2857142857142857,1.0,0.3333333333333333,0.3333333333333333,3.5,current_period
2026-08-10,7,1,5,2,4,2,1,18,22,11660.6,6.0,6.0,1943.4333333333334,0.14285714285714285,5.0,0.4,0.5714285714285714,0.14285714285714285,1.0,current_period
2026-08-11,5,8,6,5,4,2,1,25,31,0.0,0.0,0.0,,1.6,0.75,0.8333333333333334,0.8,0.2,0.4,current_period
2026-08-12,13,10,4,8,8,4,2,30,49,3558.69,1.0,1.0,3558.69,0.7692307692307693,0.4,2.0,0.6153846153846154,0.15384615384615385,0.5,current_period
2026-08-13,11,8,2,2,9,1,5,30,38,10720.720000000001,5.0,5.0,2144.1440000000002,0.7272727272727273,0.25,1.0,0.8181818181818182,0.45454545454545453,0.5,current_period
2026-08-14,12,12,9,2,10,3,4,34,52,21684.91,6.0,6.0,3614.1516666666666,1.0,0.75,0.2222222222222222,0.8333333333333334,0.3333333333333333,1.5,current_period
2026-08-15,9,3,2,5,3,2,5,24,29,6953.88,2.0,2.0,3476.94,0.3333333333333333,0.6666666666666666,2.5,0.3333333333333333,0.5555555555555556,0.4,current_period
2026-08-16,10,4,5,3,5,6,2,24,35,4147.96,2.0,2.0,2073.98,0.4,1.25,0.6,0.5,0.2,2.0,current_period
2026-08-17,10,2,3,2,2,2,5,24,26,8892.630000000001,2.0,2.0,4446.3150000000005,0.2,1.5,0.6666666666666666,0.2,0.5,1.0,current_period
2026-08-18,9,7,1,1,5,2,1,22,26,19568.71,5.0,5.0,3913.7419999999997,0.7777777777777778,0.14285714285714285,1.0,0.5555555555555556,0.1111111111111111,2.0,current_period
2026-08-19,8,6,6,6,5,9,3,22,43,7197.83,2.0,2.0,3598.915,0.75,1.0,1.0,0.625,0.375,1.5,current_period
2026-08-20,12,8,8,3,4,2,3,31,40,17502.5,5.0,5.0,3500.5,0.6666666666666666,1.0,0.375,0.3333333333333333,0.25,0.6666666666666666,current_period
2026-08-21,10,8,6,2,10,3,2,31,41,13375.68,6.0,6.0,2229.28,0.8,0.75,0.3333333333333333,1.0,0.2,1.5,current_period
2026-08-22,5,7,2,2,5,3,0,15,24,8963.73,2.0,2.0,4481.865,1.4,0.2857142857142857,1.0,1.0,0.0,1.5,current_period
2026-08-23,5,3,3,5,4,2,2,14,24,25082.06,7.0,7.0,3583.151428571429,0.6,1.0,1.6666666666666667,0.8,0.4,0.4,current_period
2026-08-24,7,4,4,4,7,3,3,19,32,11186.119999999999,5.0,5.0,2237.2239999999997,0.5714285714285714,1.0,1.0,1.0,0.42857142857142855,0.75,current_period
2026-08-25,8,4,4,5,3,3,1,23,28,8773.97,3.0,3.0,2924.6566666666663,0.5,1.0,1.25,0.375,0.125,0.6,current_period
2026-08-26,9,4,2,2,2,7,2,23,28,1010.65,1.0,1.0,1010.65,0.4444444444444444,0.5,1.0,0.2222222222222222,0.2222222222222222,3.5,current_period
2026-08-27,9,7,3,2,7,3,0,19,31,11691.29,7.0,7.0,1670.1842857142858,0.7777777777777778,0.42857142857142855,0.6666666666666666,0.7777777777777778,0.0,1.5,current_period
2026-08-28,11,7,4,2,5,3,2,23,34,9431.43,5.0,5.0,1886.286,0.6363636363636364,0.5714285714285714,0.5,0.45454545454545453,0.18181818181818182,1.5,current_period
2026-09-01,6,6,4,3,2,3,3,25,27,2474.43,1.0,1.0,2474.43,1.0,0.6666666666666666,0.75,0.3333333333333333,0.5,1.0,current_period
2026-09-02,5,4,2,1,3,2,2,17,19,6395.1,2.0,2.0,3197.55,0.8,0.5,0.5,0.6,0.4,2.0,current_period
2026-09-03,7,8,3,3,4,1,2,18,28,16238.13,6.0,6.0,2706.355,1.1428571428571428,0.375,1.0,0.5714285714285714,0.2857142857142857,0.3333333333333333,current_period
2026-09-04,8,8,5,4,7,2,3,28,37,6232.04,2.0,2.0,3116.02,1.0,0.625,0.8,0.875,0.375,0.5,current_period
2026-09-05,12,8,3,2,6,3,3,23,37,13350.14,6.0,6.0,2225.023333333333,0.6666666666666666,0.375,0.6666666666666666,0.5,0.25,1.5,current_period
2026-09-06,8,2,4,6,2,5,2,21,29,13078.28,5.0,5.0,2615.656,0.25,2.0,1.5,0.25,0.25,0.8333333333333334,current_period
2026-09-07,8,3,2,3,8,1,3,27,28,9780.36,5.0,5.0,1956.0720000000001,0.375,0.6666666666666666,1.5,1.0,0.375,0.3333333333333333,current_period
2026-09-08,11,10,5,7,10,6,4,25,53,8426.8,3.0,3.0,2808.933333333333,0.9090909090909091,0.5,1.4,0.9090909090909091,0.36363636363636365,0.8571428571428571,current_period
2026-09-09,7,7,5,5,2,2,3,25,31,5017.7,3.0,3.0,1672.5666666666666,1.0,0.7142857142857143,1.0,0.2857142857142857,0.42857142857142855,0.4,current_period
2026-09-10,2,1,2,0,3,3,0,11,11,1645.4399999999998,2.0,2.0,822.7199999999999,0.5,2.0,0.0,1.5,0.0,,current_period
2026-09-11,6,4,6,3,4,7,4,25,34,9080.41,5.0,5.0,1816.0819999999999,0.6666666666666666,1.5,0.5,0.6666666666666666,0.6666666666666666,2.3333333333333335,current_period
2026-09-12,7,4,2,3,4,5,2,17,27,10418.25,4.0,4.0,2604.5625,0.5714285714285714,0.5,1.5,0.5714285714285714,0.2857142857142857,1.6666666666666667,current_period
2026-09-13,9,7,3,6,7,3,4,32,39,6245.93,2.0,2.0,3122.965,0.7777777777777778,0.42857142857142855,2.0,0.7777777777777778,0.4444444444444444,0.5,current_period
2026-09-14,10,7,6,1,5,5,3,31,37,4571.69,2.0,2.0,2285.845,0.7,0.8571428571428571,0.16666666666666666,0.5,0.3,5.0,current_period
2026-09-15,11,9,6,6,5,3,0,36,40,12961.31,5.0,5.0,2592.2619999999997,0.8181818181818182,0.6666666666666666,1.0,0.45454545454545453,0.0,0.5,current_period
2026-09-16,5,5,5,3,3,3,2,21,26,4459.53,1.0,1.0,4459.53,1.0,1.0,0.6,0.6,0.4,1.0,current_period
2026-09-17,7,4,3,4,3,1,3,15,25,4251.34,1.0,1.0,4251.34,0.5714285714285714,0.75,1.3333333333333333,0.42857142857142855,0.42857142857142855,0.25,current_period
2026-09-18,14,8,4,3,8,1,1,29,39,10781.94,3.0,3.0,3593.98,0.5714285714285714,0.5,0.75,0.5714285714285714,0.07142857142857142,0.3333333333333333,current_period
2026-09-19,3,2,4,3,4,4,3,17,23,7930.280000000001,3.0,3.0,2643.4266666666667,0.6666666666666666,2.0,0.75,1.3333333333333333,1.0,1.3333333333333333,current_period
2026-09-20,7,7,3,3,6,1,3,21,30,6785.860000000001,2.0,2.0,3392.9300000000003,1.0,0.42857142857142855,1.0,0.8571428571428571,0.42857142857142855,0.3333333333333333,current_period
2026-09-21,7,4,6,3,5,4,4,25,33,5718.4800000000005,2.0,2.0,2859.2400000000002,0.5714285714285714,1.5,0.5,0.7142857142857143,0.5714285714285714,1.3333333333333333,current_period
2026-09-22,4,5,2,2,5,5,0,20,23,17559.89,8.0,8.0,2194.98625,1.25,0.4,1.0,1.25,0.0,2.5,current_period
2026-09-23,7,6,4,2,6,3,1,20,29,13755.91,5.0,5.0,2751.182,0.8571428571428571,0.6666666666666666,0.5,0.8571428571428571,0.14285714285714285,1.5,current_period
2026-09-24,4,3,7,3,4,4,2,21,27,14066.95,5.0,5.0,2813.3900000000003,0.75,2.3333333333333335,0.42857142857142855,1.0,0.5,1.3333333333333333,current_period
2026-09-25,12,9,7,5,6,5,4,27,48,11742.48,5.0,5.0,2348.496,0.75,0.7777777777777778,0.7142857142857143,0.5,0.3333333333333333,1.0,current_period
2026-09-26,9,7,4,2,3,5,3,29,33,13301.94,5.0,5.0,2660.388,0.7777777777777778,0.5714285714285714,0.5,0.3333333333333333,0.3333333333333333,2.5,current_period
2026-09-27,11,8,4,2,10,3,2,26,40,9369.5,5.0,5.0,1873.9,0.7272727272727273,0.5,0.5,0.9090909090909091,0.18181818181818182,1.5,current_period
2026-09-28,6,7,3,6,4,5,2,21,33,14976.560000000001,5.0,5.0,2995.3120000000004,1.1666666666666667,0.42857142857142855,2.0,0.6666666666666666,0.3333333333333333,0.8333333333333334,current_period
2026-10-01,3,1,3,4,2,3,3,14,19,13043.89,6.0,6.0,2173.9816666666666,0.3333333333333333,3.0,1.3333333333333333,0.6666666666666666,1.0,0.75,current_period
2026-10-02,9,7,7,3,7,2,3,27,38,9305.88,3.0,3.0,3101.9599999999996,0.7777777777777778,1.0,0.42857142857142855,0.7777777777777778,0.3333333333333333,0.6666666666666666,current_period
2026-10-03,10,8,1,2,7,1,6,24,35,4437.33,1.0,1.0,4437.33,0.8,0.125,2.0,0.7,0.6,0.5,current_period
2026-10-04,10,5,5,2,4,2,4,23,32,7891.04,2.0,2.0,3945.52,0.5,1.0,0.4,0.4,0.4,1.0,current_period
2026-10-05,8,8,6,2,5,1,3,23,33,13755.05,5.0,5.0,2751.0099999999998,1.0,0.75,0.3333333333333333,0.625,0.375,0.5,current_period
2026-10-06,8,6,4,4,4,4,4,22,34,9328.91,4.0,4.0,2332.2275,0.75,0.6666666666666666,1.0,0.5,0.5,1.0,current_period
2026-10-07,10,5,1,4,5,1,4,22,30,3678.23,1.0,1.0,3678.23,0.5,0.2,4.0,0.5,0.4,0.25,current_period
2026-10-08,6,7,4,5,6,8,7,31,43,2552.19,1.0,1.0,2552.19,1.1666666666666667,0.5714285714285714,1.25,1.0,1.1666666666666667,1.6,current_period
2026-10-09,7,5,3,4,6,5,4,28,34,16810.79,7.0,7.0,2401.5414285714287,0.7142857142857143,0.6,1.3333333333333333,0.8571428571428571,0.5714285714285714,1.25,current_period
2026-10-10,7,6,3,5,4,2,4,20,31,18273.98,5.0,5.0,3654.796,0.8571428571428571,0.5,1.6666666666666667,0.5714285714285714,0.5714285714285714,0.4,current_period
2026-10-11,5,5,3,5,3,1,1,19,23,5019.82,2.0,2.0,2509.91,1.0,0.6,1.6666666666666667,0.6,0.2,0.2,current_period
2026-10-12,11,5,4,4,7,3,6,32,40,21297.61,7.0,7.0,3042.5157142857142,0.45454545454545453,0.8,1.0,0.6363636363636364,0.5454545454545454,0.75,current_period
2026-10-13,12,7,5,4,6,3,6,30,43,7935.82,2.0,2.0,3967.91,0.5833333333333334,0.7142857142857143,0.8,0.5,0.5,0.75,current_period
2026-10-14,9,9,6,3,4,3,6,26,40,4695.18,3.0,3.0,1565.0600000000002,1.0,0.6666666666666666,0.5,0.4444444444444444,0.6666666666666666,1.0,current_period
2026-10-15,9,7,7,2,6,7,2,29,40,11364.98,5.0,5.0,2272.996,0.7777777777777778,1.0,0.2857142857142857,0.6666666666666666,0.2222222222222222,3.5,current_period
2026-10-16,4,5,5,3,4,2,4,23,27,13468.039999999999,5.0,5.0,2693.6079999999997,1.25,1.0,0.6,1.0,1.0,0.6666666666666666,current_period
2026-10-17,6,4,6,4,2,3,0,23,25,10569.83,4.0,4.0,2642.4575,0.6666666666666666,1.5,0.6666666666666666,0.3333333333333333,0.0,0.75,current_period
2026-10-18,5,3,2,1,5,4,3,22,23,5350.52,4.0,4.0,1337.63,0.6,0.6666666666666666,0.5,1.0,0.6,4.0,current_period
2026-10-19,15,12,7,6,9,6,4,28,59,8393.86,2.0,2.0,4196.93,0.8,0.5833333333333334,0.8571428571428571,0.6,0.26666666666666666,1.0,current_period
2026-10-20,12,9,3,4,7,4,0,23,39,17913.51,6.0,6.0,2985.5849999999996,0.75,0.3333333333333333,1.3333333333333333,0.5833333333333334,0.0,1.0,current_period
2026-10-21,12,8,4,5,6,2,1,26,38,6184.900000000001,2.0,2.0,3092.4500000000003,0.6666666666666666,0.5,1.25,0.5,0.08333333333333333,0.4,current_period
2026-10-22,5,6,3,1,3,4,2,19,24,7953.61,4.0,4.0,1988.4025,1.2,0.5,0.3333333333333333,0.6,0.4,4.0,current_period
2026-10-23,6,6,1,4,2,7,1,21,27,1008.01,2.0,2.0,504.005,1.0,0.16666666666666666,4.0,0.3333333333333333,0.16666666666666666,1.75,current_period
2026-10-24,8,4,4,2,5,0,3,17,26,4928.43,2.0,2.0,2464.215,0.5,1.0,0.5,0.625,0.375,0.0,current_period
2026-10-25,7,2,2,1,3,3,0,17,18,17889.54,6.0,5.0,2981.59,0.2857142857142857,1.0,0.5,0.42857142857142855,0.0,3.0,current_period
2026-10-26,8,4,5,4,2,4,3,19,30,15376.539999999999,4.0,4.0,3844.1349999999998,0.5,1.25,0.8,0.25,0.375,1.0,current_period
2026-10-27,11,5,2,2,1,2,7,24,30,8246.82,3.0,3.0,2748.94,0.45454545454545453,0.4,1.0,0.09090909090909091,0.6363636363636364,1.0,current_period
2026-10-28,5,5,1,1,8,3,4,25,27,11240.26,7.0,7.0,1605.7514285714285,1.0,0.2,1.0,1.6,0.8,3.0,current_period
2026-11-01,7,4,0,3,0,3,2,17,19,1937.65,1.0,1.0,1937.65,0.5714285714285714,0.0,,0.0,0.2857142857142857,1.0,current_period
2026-11-02,11,8,3,3,4,4,1,26,34,0.0,0.0,0.0,,0.7272727272727273,0.375,1.0,0.36363636363636365,0.09090909090909091,1.3333333333333333,current_period
2026-11-03,5,4,2,1,2,1,3,16,18,3541.39,2.0,2.0,1770.695,0.8,0.5,0.5,0.4,0.6,1.0,current_period
2026-11-04,6,6,3,4,2,2,0,17,23,4633.9400000000005,2.0,2.0,2316.9700000000003,1.0,0.5,1.3333333333333333,0.3333333333333333,0.0,0.5,current_period
2026-11-05,10,4,6,1,3,4,1,23,29,9585.42,3.0,3.0,3195.14,0.4,1.5,0.16666666666666666,0.3,0.1,4.0,current_period
2026-11-06,10,7,7,4,7,4,6,26,45,4697.34,2.0,2.0,2348.67,0.7,1.0,0.5714285714285714,0.7,0.6,1.0,current_period
2026-11-07,13,8,5,4,6,4,3,27,43,4227.8,1.0,1.0,4227.8,0.6153846153846154,0.625,0.8,0.46153846153846156,0.23076923076923078,1.0,current_period
2026-11-08,16,8,4,5,8,4,4,31,49,3904.74,1.0,1.0,3904.74,0.5,0.5,1.25,0.5,0.25,0.8,current_period
2026-11-09,6,7,5,3,9,1,4,25,35,5318.75,3.0,3.0,1772.9166666666667,1.1666666666666667,0.7142857142857143,0.6,1.5,0.6666666666666666,0.3333333333333333,current_period
2026-11-10,8,10,4,7,6,1,2,25,38,6850.47,2.0,2.0,3425.235,1.25,0.4,1.75,0.75,0.25,0.14285714285714285,current_period
2026-11-11,11,8,9,7,8,2,1,27,46,14528.75,6.0,6.0,2421.4583333333335,0.7272727272727273,1.125,0.7777777777777778,0.7272727272727273,0.09090909090909091,0.2857142857142857,current_period
2026-11-12,10,9,7,6,7,6,2,24,47,8235.26,2.0,2.0,4117.63,0.9,0.7777777777777778,0.8571428571428571,0.7,0.2,1.0,current_period
2026-11-13,5,2,3,6,7,3,0,18,26,9610.18,5.0,5.0,1922.036,0.4,1.5,2.0,1.4,0.0,0.5,current_period
2026-11-14,12,4,6,4,4,5,4,26,39,14833.560000000001,6.0,6.0,2472.26,0.3333333333333333,1.5,0.6666666666666666,0.3333333333333333,0.3333333333333333,1.25,current_period
2026-11-15,6,5,6,5,5,2,3,24,32,14209.21,6.0,6.0,2368.2016666666664,0.8333333333333334,1.2,0.8333333333333334,0.8333333333333334,0.5,0.4,current_period
2026-11-16,13,11,7,4,6,6,3,33,50,13990.23,4.0,4.0,3497.5575,0.8461538461538461,0.6363636363636364,0.5714285714285714,0.46153846153846156,0.23076923076923078,1.5,current_period
2026-11-17,8,6,4,4,8,2,3,22,35,17880.34,5.0,5.0,3576.068,0.75,0.6666666666666666,1.0,1.0,0.375,0.5,current_period
2026-11-18,7,5,3,5,4,1,1,21,26,1786.59,1.0,1.0,1786.59,0.7142857142857143,0.6,1.6666666666666667,0.5714285714285714,0.14285714285714285,0.2,current_period
2026-11-19,15,7,4,3,3,1,1,26,34,18264.65,6.0,6.0,3044.1083333333336,0.4666666666666667,0.5714285714285714,0.75,0.2,0.06666666666666667,0.3333333333333333,current_period
2026-11-20,7,9,3,1,6,0,5,25,31,6862.07,3.0,3.0,2287.3566666666666,1.2857142857142858,0.3333333333333333,0.3333333333333333,0.8571428571428571,0.7142857142857143,0.0,current_period
2026-11-21,7,4,3,2,7,3,1,20,27,6858.78,2.0,2.0,3429.39,0.5714285714285714,0.75,0.6666666666666666,1.0,0.14285714285714285,1.5,current_period
2026-11-22,5,2,4,2,2,6,4,18,25,5407.34,2.0,2.0,2703.67,0.4,2.0,0.5,0.4,0.8,3.0,current_period
2026-11-23,5,6,7,2,4,0,4,25,28,1690.68,2.0,2.0,845.34,1.2,1.1666666666666667,0.2857142857142857,0.8,0.8,0.0,current_period
2026-11-24,11,6,3,3,7,5,5,28,40,4071.1499999999996,2.0,2.0,2035.5749999999998,0.5454545454545454,0.5,1.0,0.6363636363636364,0.45454545454545453,1.6666666666666667,current_period
2026-11-25,7,6,5,2,8,1,3,21,32,4179.96,1.0,1.0,4179.96,0.8571428571428571,0.8333333333333334,0.4,1.1428571428571428,0.42857142857142855,0.5,current_period
2026-11-26,7,6,4,2,3,2,5,23,29,9703.560000000001,5.0,5.0,1940.7120000000002,0.8571428571428571,0.6666666666666666,0.5,0.42857142857142855,0.7142857142857143,1.0,current_period
2026-11-27,3,6,5,3,3,4,2,13,26,16519.7,7.0,7.0,2359.957142857143,2.0,0.8333333333333334,0.6,1.0,0.6666666666666666,1.3333333333333333,current_period
2026-11-28,7,6,5,3,6,5,9,30,41,7776.26,2.0,2.0,3888.13,0.8571428571428571,0.8333333333333334,0.6,0.8571428571428571,1.2857142857142858,1.6666666666666667,current_period
2026-12-01,8,6,4,5,5,1,1,17,30,6113.2300000000005,3.0,3.0,2037.7433333333336,0.75,0.6666666666666666,1.25,0.625,0.125,0.2,current_period
2026-12-02,12,7,8,4,6,3,4,32,44,9981.68,3.0,3.0,3327.226666666667,0.5833333333333334,1.1428571428571428,0.5,0.5,0.3333333333333333,0.75,current_period
2026-12-03,4,3,1,0,3,4,0,12,15,10252.5,3.0,3.0,3417.5,0.75,0.3333333333333333,0.0,0.75,0.0,,current_period
2026-12-04,4,3,3,3,5,1,2,17,21,0.0,0.0,0.0,,0.75,1.0,1.0,1.25,0.5,0.3333333333333333,current_period
2026-12-05,6,7,4,6,5,2,2,14,32,0.0,0.0,0.0,,1.1666666666666667,0.5714285714285714,1.5,0.8333333333333334,0.3333333333333333,0.3333333333333333,current_period
2026-12-06,7,3,7,4,6,4,0,19,31,13976.92,5.0,5.0,2795.384,0.42857142857142855,2.3333333333333335,0.5714285714285714,0.8571428571428571,0.0,1.0,current_period
2026-12-07,9,9,4,4,7,4,4,30,41,11828.23,5.0,5.0,2365.6459999999997,1.0,0.4444444444444444,1.0,0.7777777777777778,0.4444444444444444,1.0,current_period
2026-12-08,9,7,5,4,8,3,2,24,38,12572.59,4.0,4.0,3143.1475,0.7777777777777778,0.7142857142857143,0.8,0.8888888888888888,0.2222222222222222,0.75,current_period
2026-12-09,8,5,3,3,5,3,3,26,30,14381.73,4.0,4.0,3595.4325,0.625,0.6,1.0,0.625,0.375,1.0,current_period
2026-12-10,5,9,2,6,7,2,2,24,33,6297.09,2.0,2.0,3148.545,1.8,0.2222222222222222,3.0,1.4,0.4,0.3333333333333333,current_period
2026-12-11,8,8,3,4,5,2,2,21,32,7878.1,4.0,4.0,1969.525,1.0,0.375,1.3333333333333333,0.625,0.25,0.5,current_period
2026-12-12,6,3,5,3,2,1,1,15,21,9159.76,3.0,3.0,3053.2533333333336,0.5,1.6666666666666667,0.6,0.3333333333333333,0.16666666666666666,0.3333333333333333,current_period
2026-12-13,9,4,5,1,3,2,2,20,26,3990.55,2.0,2.0,1995.275,0.4444444444444444,1.25,0.2,0.3333333333333333,0.2222222222222222,2.0,current_period
2026-12-14,9,5,2,1,4,5,1,21,27,17000.9,5.0,5.0,3400.1800000000003,0.5555555555555556,0.4,0.5,0.4444444444444444,0.1111111111111111,5.0,current_period
2026-12-15,10,6,7,5,4,6,3,28,41,3399.55,1.0,1.0,3399.55,0.6,1.1666666666666667,0.7142857142857143,0.4,0.3,1.2,current_period
2026-12-16,8,7,6,7,4,5,5,33,42,8056.0599999999995,3.0,3.0,2685.353333333333,0.875,0.8571428571428571,1.1666666666666667,0.5,0.625,0.7142857142857143,current_period
2026-12-17,10,5,0,3,5,4,3,23,30,13214.599999999999,4.0,4.0,3303.6499999999996,0.5,0.0,,0.5,0.3,1.3333333333333333,current_period
2026-12-18,6,9,8,5,6,2,5,23,41,14573.039999999999,4.0,4.0,3643.2599999999998,1.5,0.8888888888888888,0.625,1.0,0.8333333333333334,0.4,current_period
2026-12-19,10,5,3,3,9,5,5,32,40,8895.51,3.0,3.0,2965.17,0.5,0.6,1.0,0.9,0.5,1.6666666666666667,current_period
2026-12-20,8,4,1,3,5,3,1,23,25,0.0,0.0,0.0,,0.5,0.25,3.0,0.625,0.125,1.0,current_period
2026-12-21,8,7,4,1,3,5,0,19,28,12242.41,7.0,7.0,1748.9157142857143,0.875,0.5714285714285714,0.25,0.375,0.0,5.0,current_period
2026-12-22,9,5,4,2,5,4,5,24,34,13380.44,7.0,7.0,1911.4914285714287,0.5555555555555556,0.8,0.5,0.5555555555555556,0.5555555555555556,2.0,current_period
2026-12-23,12,10,7,5,9,7,2,36,52,10390.539999999999,3.0,3.0,3463.513333333333,0.8333333333333334,0.7,0.7142857142857143,0.75,0.16666666666666666,1.4,current_period
2026-12-24,6,2,3,2,2,1,1,16,17,12607.73,3.0,3.0,4202.576666666667,0.3333333333333333,1.5,0.6666666666666666,0.3333333333333333,0.16666666666666666,0.5,current_period
2026-12-25,4,7,4,4,4,3,8,25,34,14649.769999999999,6.0,6.0,2441.628333333333,1.75,0.5714285714285714,1.0,1.0,2.0,0.75,current_period
2026-12-26,10,10,4,2,3,2,2,22,33,15327.8,6.0,6.0,2554.633333333333,1.0,0.4,0.5,0.3,0.2,1.0,current_period
2026-12-27,7,6,3,3,3,3,2,20,27,3752.67,1.0,1.0,3752.67,0.8571428571428571,0.5,1.0,0.42857142857142855,0.2857142857142857,1.0,current_period
2026-12-28,9,11,5,2,8,2,1,21,38,7452.12,5.0,5.0,1490.424,1.2222222222222223,0.45454545454545453,0.4,0.8888888888888888,0.1111111111111111,1.0,current_period
